study,year,cycle,location,design,rep,plot,bloc,gid,flw,pht,yld
00SAG01,2000,3,SAG,BAF,NA,101,1,CNA6/3/1-16,NA,84,1493
00SAG01,2000,3,SAG,BAF,NA,102,1,CNA6/3/1-26,NA,80,2171
00SAG01,2000,3,SAG,BAF,NA,103,1,CNA6/3/1-23,NA,87,3136
00SAG01,2000,3,SAG,BAF,NA,104,1,CNA6/3/1-12,NA,93,2943
00SAG01,2000,3,SAG,BAF,NA,105,1,CNA6/3/1-17,NA,85,2779
00SAG01,2000,3,SAG,BAF,NA,106,1,CNA6/3/1-32,NA,72,2171
00SAG01,2000,3,SAG,BAF,NA,107,1,CNA6/3/1-18,NA,83,3500
00SAG01,2000,3,SAG,BAF,NA,109,1,CNA6/3/1-15,NA,90,3179
00SAG01,2000,3,SAG,BAF,NA,110,1,BRS_Primavera,NA,78,2107
00SAG01,2000,3,SAG,BAF,NA,111,1,CNA6/3/1-37,NA,80,2529
00SAG01,2000,3,SAG,BAF,NA,112,1,CNA6/3/1-14,NA,81,2350
00SAG01,2000,3,SAG,BAF,NA,113,1,CNA6/3/1-13,NA,90,2071
00SAG01,2000,3,SAG,BAF,NA,114,1,CNA6/3/1-5,NA,88,2300
00SAG01,2000,3,SAG,BAF,NA,115,1,CNA6/3/1-7,NA,77,821
00SAG01,2000,3,SAG,BAF,NA,116,1,CNA6/3/1-11,NA,70,1757
00SAG01,2000,3,SAG,BAF,NA,117,1,CNA6/3/1-22,NA,83,1957
00SAG01,2000,3,SAG,BAF,NA,118,1,Guarani,NA,82,1993
00SAG01,2000,3,SAG,BAF,NA,119,1,CNA6/3/1-2,NA,87,2143
00SAG01,2000,3,SAG,BAF,NA,120,1,CNA6/3/1-20,NA,88,1343
00SAG01,2000,3,SAG,BAF,NA,121,1,CNA6/3/1-27,NA,107,2654
00SAG01,2000,3,SAG,BAF,NA,122,1,Carajas,NA,80,1479
00SAG01,2000,3,SAG,BAF,NA,123,1,CNA6/3/1-28,NA,95,2971
00SAG01,2000,3,SAG,BAF,NA,124,1,CNA6/3/1-30,NA,92,3429
00SAG01,2000,3,SAG,BAF,NA,201,2,Guarani,NA,86,2064
00SAG01,2000,3,SAG,BAF,NA,202,2,CNA6/3/1-80,NA,86,1621
00SAG01,2000,3,SAG,BAF,NA,203,2,CNA6/3/1-48,NA,85,1193
00SAG01,2000,3,SAG,BAF,NA,204,2,CNA6/3/1-68,NA,82,1757
00SAG01,2000,3,SAG,BAF,NA,205,2,CNA6/3/1-64,NA,93,2000
00SAG01,2000,3,SAG,BAF,NA,207,2,CNA6/3/1-65,NA,85,2021
00SAG01,2000,3,SAG,BAF,NA,208,2,CNA6/3/1-67,NA,99,3364
00SAG01,2000,3,SAG,BAF,NA,209,2,Carajas,NA,78,2343
00SAG01,2000,3,SAG,BAF,NA,210,2,CNA6/3/1-43,NA,93,4193
00SAG01,2000,3,SAG,BAF,NA,211,2,CNA6/3/1-49,NA,70,1436
00SAG01,2000,3,SAG,BAF,NA,212,2,CNA6/3/1-42,NA,80,2293
00SAG01,2000,3,SAG,BAF,NA,213,2,CNA6/3/1-39,NA,75,1307
00SAG01,2000,3,SAG,BAF,NA,214,2,CNA6/3/1-75,NA,80,3464
00SAG01,2000,3,SAG,BAF,NA,215,2,CNA6/3/1-46,NA,83,2836
00SAG01,2000,3,SAG,BAF,NA,216,2,CNA6/3/1-72,NA,87,1364
00SAG01,2000,3,SAG,BAF,NA,217,2,BRS_Primavera,NA,90,2379
00SAG01,2000,3,SAG,BAF,NA,218,2,CNA6/3/1-74,NA,82,1714
00SAG01,2000,3,SAG,BAF,NA,219,2,CNA6/3/1-71,NA,86,2043
00SAG01,2000,3,SAG,BAF,NA,220,2,CNA6/3/1-78,NA,87,2614
00SAG01,2000,3,SAG,BAF,NA,221,2,CNA6/3/1-73,NA,88,2329
00SAG01,2000,3,SAG,BAF,NA,222,2,CNA6/3/1-58,NA,90,2629
00SAG01,2000,3,SAG,BAF,NA,223,2,CNA6/3/1-60,NA,79,2129
00SAG01,2000,3,SAG,BAF,NA,224,2,CNA6/3/1-51,NA,100,3664
00SAG01,2000,3,SAG,BAF,NA,301,3,BRS_Primavera,NA,78,1986
00SAG01,2000,3,SAG,BAF,NA,302,3,CNA6/3/1-128,NA,80,2750
00SAG01,2000,3,SAG,BAF,NA,303,3,Guarani,NA,88,3464
00SAG01,2000,3,SAG,BAF,NA,304,3,CNA6/3/1-82,NA,89,4007
00SAG01,2000,3,SAG,BAF,NA,305,3,CNA6/3/1-89,NA,84,2143
00SAG01,2000,3,SAG,BAF,NA,306,3,CNA6/3/1-87,NA,90,3307
00SAG01,2000,3,SAG,BAF,NA,307,3,CNA6/3/1-124,NA,85,2150
00SAG01,2000,3,SAG,BAF,NA,308,3,CNA6/3/1-84,NA,83,2036
00SAG01,2000,3,SAG,BAF,NA,309,3,CNA6/3/1-102,NA,92,3171
00SAG01,2000,3,SAG,BAF,NA,310,3,CNA6/3/1-91,NA,75,1079
00SAG01,2000,3,SAG,BAF,NA,311,3,CNA6/3/1-109,NA,80,1950
00SAG01,2000,3,SAG,BAF,NA,312,3,CNA6/3/1-106,NA,85,1286
00SAG01,2000,3,SAG,BAF,NA,314,3,CNA6/3/1-92,NA,89,1929
00SAG01,2000,3,SAG,BAF,NA,315,3,CNA6/3/1-135,NA,78,2036
00SAG01,2000,3,SAG,BAF,NA,316,3,CNA6/3/1-114,NA,79,679
00SAG01,2000,3,SAG,BAF,NA,317,3,CNA6/3/1-133,NA,85,1064
00SAG01,2000,3,SAG,BAF,NA,318,3,Carajas,NA,86,971
00SAG01,2000,3,SAG,BAF,NA,319,3,CNA6/3/1-86,NA,84,1500
00SAG01,2000,3,SAG,BAF,NA,320,3,CNA6/3/1-81,NA,85,2171
00SAG01,2000,3,SAG,BAF,NA,321,3,CNA6/3/1-122,NA,76,1479
00SAG01,2000,3,SAG,BAF,NA,322,3,CNA6/3/1-90,NA,92,1493
00SAG01,2000,3,SAG,BAF,NA,323,3,CNA6/3/1-104,NA,96,2600
00SAG01,2000,3,SAG,BAF,NA,324,3,CNA6/3/1-132,NA,79,1964
00SAG01,2000,3,SAG,BAF,NA,401,4,CNA6/3/1-157,NA,89,3143
00SAG01,2000,3,SAG,BAF,NA,402,4,CNA6/3/1-172,NA,90,1864
00SAG01,2000,3,SAG,BAF,NA,403,4,CNA6/3/1-179,NA,79,2300
00SAG01,2000,3,SAG,BAF,NA,404,4,CNA6/3/1-156,NA,89,2243
00SAG01,2000,3,SAG,BAF,NA,405,4,BRS_Primavera,NA,78,2043
00SAG01,2000,3,SAG,BAF,NA,406,4,Carajas,NA,78,2350
00SAG01,2000,3,SAG,BAF,NA,407,4,Guarani,NA,89,3536
00SAG01,2000,3,SAG,BAF,NA,408,4,CNA6/3/1-187,NA,85,2600
00SAG01,2000,3,SAG,BAF,NA,410,4,CNA6/3/1-159,NA,88,2150
00SAG01,2000,3,SAG,BAF,NA,411,4,CNA6/3/1-175,NA,75,3400
00SAG01,2000,3,SAG,BAF,NA,412,4,CNA6/3/1-182,NA,83,2229
00SAG01,2000,3,SAG,BAF,NA,413,4,CNA6/3/1-149,NA,75,2143
00SAG01,2000,3,SAG,BAF,NA,414,4,CNA6/3/1-169,NA,83,2993
00SAG01,2000,3,SAG,BAF,NA,415,4,CNA6/3/1-176,NA,97,4221
00SAG01,2000,3,SAG,BAF,NA,416,4,CNA6/3/1-155,NA,83,2621
00SAG01,2000,3,SAG,BAF,NA,417,4,CNA6/3/1-160,NA,91,2971
00SAG01,2000,3,SAG,BAF,NA,418,4,CNA6/3/1-168,NA,79,3507
00SAG01,2000,3,SAG,BAF,NA,419,4,CNA6/3/1-174,NA,93,3357
00SAG01,2000,3,SAG,BAF,NA,420,4,CNA6/3/1-173,NA,80,1929
00SAG01,2000,3,SAG,BAF,NA,421,4,CNA6/3/1-181,NA,90,2957
00SAG01,2000,3,SAG,BAF,NA,422,4,CNA6/3/1-136,NA,85,3114
00SAG01,2000,3,SAG,BAF,NA,423,4,CNA6/3/1-158,NA,80,2014
00SAG01,2000,3,SAG,BAF,NA,424,4,CNA6/3/1-141,NA,74,2279
00SAG01,2000,3,SAG,BAF,NA,501,5,CNA6/3/1-210,NA,90,2800
00SAG01,2000,3,SAG,BAF,NA,502,5,CNA6/3/1-201,NA,80,2736
00SAG01,2000,3,SAG,BAF,NA,503,5,CNA6/3/1-196,NA,84,2064
00SAG01,2000,3,SAG,BAF,NA,504,5,CNA6/3/1-213,NA,82,2764
00SAG01,2000,3,SAG,BAF,NA,505,5,CNA6/3/1-195,NA,83,2300
00SAG01,2000,3,SAG,BAF,NA,506,5,Guarani,NA,80,2693
00SAG01,2000,3,SAG,BAF,NA,507,5,CNA6/3/1-202,NA,93,2479
00SAG01,2000,3,SAG,BAF,NA,508,5,CNA6/3/1-193,NA,80,1614
00SAG01,2000,3,SAG,BAF,NA,509,5,CNA6/3/1-220,NA,80,3043
00SAG01,2000,3,SAG,BAF,NA,511,5,CNA6/3/1-200,NA,75,1136
00SAG01,2000,3,SAG,BAF,NA,512,5,CNA6/3/1-224,NA,80,3071
00SAG01,2000,3,SAG,BAF,NA,513,5,CNA6/3/1-190,NA,82,2671
00SAG01,2000,3,SAG,BAF,NA,514,5,CNA6/3/1-222,NA,79,1307
00SAG01,2000,3,SAG,BAF,NA,515,5,CNA6/3/1-189,NA,98,2636
00SAG01,2000,3,SAG,BAF,NA,516,5,CNA6/3/1-188,NA,95,3136
00SAG01,2000,3,SAG,BAF,NA,517,5,CNA6/3/1-212,NA,93,2314
00SAG01,2000,3,SAG,BAF,NA,518,5,BRS_Primavera,NA,82,1400
00SAG01,2000,3,SAG,BAF,NA,519,5,Carajas,NA,83,2550
00SAG01,2000,3,SAG,BAF,NA,520,5,CNA6/3/1-203,NA,90,4350
00SAG01,2000,3,SAG,BAF,NA,521,5,CNA6/3/1-219,NA,85,2736
00SAG01,2000,3,SAG,BAF,NA,522,5,CNA6/3/1-204,NA,82,2164
00SAG01,2000,3,SAG,BAF,NA,523,5,CNA6/3/1-194,NA,78,2414
00SAG01,2000,3,SAG,BAF,NA,524,5,CNA6/3/1-199,NA,89,2986
00SAG01,2000,3,SAG,BAF,NA,602,6,CNA6/3/1-233,NA,83,2643
00SAG01,2000,3,SAG,BAF,NA,603,6,Guarani,NA,83,2793
00SAG01,2000,3,SAG,BAF,NA,604,6,CNA6/3/1-240,NA,85,1500
00SAG01,2000,3,SAG,BAF,NA,605,6,BRS_Primavera,NA,78,1621
00SAG01,2000,3,SAG,BAF,NA,606,6,CNA6/3/1-253,NA,84,3664
00SAG01,2000,3,SAG,BAF,NA,607,6,CNA6/3/1-232,NA,78,3236
00SAG01,2000,3,SAG,BAF,NA,608,6,CNA6/3/1-231,NA,85,2993
00SAG01,2000,3,SAG,BAF,NA,609,6,CNA6/3/1-238,NA,70,2264
00SAG01,2000,3,SAG,BAF,NA,610,6,CNA6/3/1-249,NA,85,2379
00SAG01,2000,3,SAG,BAF,NA,611,6,CNA6/3/1-242,NA,80,3329
00SAG01,2000,3,SAG,BAF,NA,612,6,CNA6/3/1-239,NA,83,1707
00SAG01,2000,3,SAG,BAF,NA,613,6,CNA6/3/1-255,NA,85,2729
00SAG01,2000,3,SAG,BAF,NA,614,6,CNA6/3/1-260,NA,80,2693
00SAG01,2000,3,SAG,BAF,NA,615,6,CNA6/3/1-236,NA,85,1757
00SAG01,2000,3,SAG,BAF,NA,616,6,CNA6/3/1-230,NA,83,2864
00SAG01,2000,3,SAG,BAF,NA,617,6,CNA6/3/1-254,NA,75,1364
00SAG01,2000,3,SAG,BAF,NA,618,6,CNA6/3/1-237,NA,80,1536
00SAG01,2000,3,SAG,BAF,NA,619,6,CNA6/3/1-256,NA,88,2300
00SAG01,2000,3,SAG,BAF,NA,620,6,CNA6/3/1-235,NA,78,1800
00SAG01,2000,3,SAG,BAF,NA,621,6,CNA6/3/1-251,NA,99,4357
00SAG01,2000,3,SAG,BAF,NA,622,6,CNA6/3/1-252,NA,84,2100
00SAG01,2000,3,SAG,BAF,NA,623,6,CNA6/3/1-250,NA,68,2064
00SAG01,2000,3,SAG,BAF,NA,624,6,Carajas,NA,70,2271
00SAG01,2000,3,SAG,BAF,NA,701,7,CNA6/3/1-286,NA,90,1514
00SAG01,2000,3,SAG,BAF,NA,702,7,Carajas,NA,77,2700
00SAG01,2000,3,SAG,BAF,NA,703,7,CNA6/3/1-277,NA,83,2236
00SAG01,2000,3,SAG,BAF,NA,704,7,CNA6/3/1-274,NA,85,700
00SAG01,2000,3,SAG,BAF,NA,705,7,CNA6/3/1-284,NA,90,4064
00SAG01,2000,3,SAG,BAF,NA,706,7,CNA6/3/1-263,NA,87,1471
00SAG01,2000,3,SAG,BAF,NA,707,7,CNA6/3/1-299,NA,93,2414
00SAG01,2000,3,SAG,BAF,NA,708,7,CNA6/3/1-291,NA,88,2179
00SAG01,2000,3,SAG,BAF,NA,709,7,CNA6/3/1-297,NA,84,1950
00SAG01,2000,3,SAG,BAF,NA,710,7,CNA6/3/1-273,NA,88,2529
00SAG01,2000,3,SAG,BAF,NA,711,7,CNA6/3/1-292,NA,90,4693
00SAG01,2000,3,SAG,BAF,NA,712,7,CNA6/3/1-262,NA,80,3764
00SAG01,2000,3,SAG,BAF,NA,713,7,CNA6/3/1-275,NA,79,2221
00SAG01,2000,3,SAG,BAF,NA,714,7,CNA6/3/1-265,NA,84,2986
00SAG01,2000,3,SAG,BAF,NA,715,7,CNA6/3/1-279,NA,78,3179
00SAG01,2000,3,SAG,BAF,NA,716,7,CNA6/3/1-276,NA,95,2593
00SAG01,2000,3,SAG,BAF,NA,717,7,CNA6/3/1-285,NA,94,3686
00SAG01,2000,3,SAG,BAF,NA,718,7,BRS_Primavera,NA,83,2900
00SAG01,2000,3,SAG,BAF,NA,719,7,Guarani,NA,80,3593
00SAG01,2000,3,SAG,BAF,NA,720,7,CNA6/3/1-280,NA,85,2764
00SAG01,2000,3,SAG,BAF,NA,721,7,CNA6/3/1-264,NA,75,1600
00SAG01,2000,3,SAG,BAF,NA,723,7,CNA6/3/1-261,NA,79,2557
00SAG01,2000,3,SAG,BAF,NA,724,7,CNA6/3/1-302,NA,88,2393
00SAG01,2000,3,SAG,BAF,NA,801,8,CNA6/3/1-335,NA,72,1457
00SAG01,2000,3,SAG,BAF,NA,802,8,CNA6/3/1-333,NA,80,1400
00SAG01,2000,3,SAG,BAF,NA,803,8,CNA6/3/1-334,NA,79,2107
00SAG01,2000,3,SAG,BAF,NA,804,8,CNA6/3/1-327,NA,80,2229
00SAG01,2000,3,SAG,BAF,NA,805,8,CNA6/3/1-319,NA,85,2243
00SAG01,2000,3,SAG,BAF,NA,806,8,CNA6/3/1-303,NA,85,1436
00SAG01,2000,3,SAG,BAF,NA,807,8,CNA6/3/1-304,NA,90,3257
00SAG01,2000,3,SAG,BAF,NA,808,8,CNA6/3/1-326,NA,85,1650
00SAG01,2000,3,SAG,BAF,NA,809,8,CNA6/3/1-340,NA,74,2243
00SAG01,2000,3,SAG,BAF,NA,810,8,CNA6/3/1-318,NA,77,1943
00SAG01,2000,3,SAG,BAF,NA,811,8,CNA6/3/1-324,NA,84,2507
00SAG01,2000,3,SAG,BAF,NA,812,8,CNA6/3/1-306,NA,80,2107
00SAG01,2000,3,SAG,BAF,NA,814,8,CNA6/3/1-313,NA,85,1879
00SAG01,2000,3,SAG,BAF,NA,815,8,BRS_Primavera,NA,78,914
00SAG01,2000,3,SAG,BAF,NA,816,8,CNA6/3/1-314,NA,79,1193
00SAG01,2000,3,SAG,BAF,NA,817,8,CNA6/3/1-307,NA,90,3021
00SAG01,2000,3,SAG,BAF,NA,818,8,CNA6/3/1-312,NA,86,1743
00SAG01,2000,3,SAG,BAF,NA,819,8,Guarani,NA,78,3643
00SAG01,2000,3,SAG,BAF,NA,820,8,Carajas,NA,75,2836
00SAG01,2000,3,SAG,BAF,NA,821,8,CNA6/3/1-305,NA,93,2629
00SAG01,2000,3,SAG,BAF,NA,822,8,CNA6/3/1-321,NA,88,2193
00SAG01,2000,3,SAG,BAF,NA,823,8,CNA6/3/1-322,NA,90,1693
00SAG01,2000,3,SAG,BAF,NA,824,8,CNA6/3/1-339,NA,94,2179
00SAG01,2000,3,SAG,BAF,NA,901,9,CNA6/3/1-373,NA,93,2436
00SAG01,2000,3,SAG,BAF,NA,902,9,CNA6/3/1-359,NA,86,3271
00SAG01,2000,3,SAG,BAF,NA,903,9,CNA6/3/1-358,NA,95,2193
00SAG01,2000,3,SAG,BAF,NA,904,9,CNA6/3/1-379,NA,90,1379
00SAG01,2000,3,SAG,BAF,NA,905,9,CNA6/3/1-349,NA,86,1843
00SAG01,2000,3,SAG,BAF,NA,906,9,CNA6/3/1-341,NA,90,2936
00SAG01,2000,3,SAG,BAF,NA,907,9,CNA6/3/1-354,NA,90,3100
00SAG01,2000,3,SAG,BAF,NA,909,9,CNA6/3/1-374,NA,77,2914
00SAG01,2000,3,SAG,BAF,NA,910,9,CNA6/3/1-378,NA,88,3064
00SAG01,2000,3,SAG,BAF,NA,911,9,CNA6/3/1-351,NA,75,2464
00SAG01,2000,3,SAG,BAF,NA,912,9,CNA6/3/1-366,NA,80,1671
00SAG01,2000,3,SAG,BAF,NA,913,9,CNA6/3/1-369,NA,86,1957
00SAG01,2000,3,SAG,BAF,NA,914,9,CNA6/3/1-357,NA,84,1679
00SAG01,2000,3,SAG,BAF,NA,915,9,CNA6/3/1-375,NA,90,1850
00SAG01,2000,3,SAG,BAF,NA,916,9,BRS_Primavera,NA,80,1721
00SAG01,2000,3,SAG,BAF,NA,917,9,CNA6/3/1-348,NA,88,2129
00SAG01,2000,3,SAG,BAF,NA,918,9,CNA6/3/1-361,NA,85,2121
00SAG01,2000,3,SAG,BAF,NA,919,9,CNA6/3/1-344,NA,70,1243
00SAG01,2000,3,SAG,BAF,NA,920,9,Guarani,NA,93,4121
00SAG01,2000,3,SAG,BAF,NA,921,9,Carajas,NA,80,2286
00SAG01,2000,3,SAG,BAF,NA,922,9,CNA6/3/1-368,NA,89,2450
00SAG01,2000,3,SAG,BAF,NA,923,9,CNA6/3/1-347,NA,77,1814
00SAG01,2000,3,SAG,BAF,NA,924,9,CNA6/3/1-380,NA,80,779
00SAG01,2000,3,SAG,BAF,NA,1002,10,CNA6/3/1-388,NA,74,2114
00SAG01,2000,3,SAG,BAF,NA,1003,10,CNA6/3/1-411,NA,73,1286
00SAG01,2000,3,SAG,BAF,NA,1004,10,CNA6/3/1-383,NA,99,2457
00SAG01,2000,3,SAG,BAF,NA,1005,10,CNA6/3/1-384,NA,86,2593
00SAG01,2000,3,SAG,BAF,NA,1006,10,CNA6/3/1-407,NA,93,1929
00SAG01,2000,3,SAG,BAF,NA,1007,10,CNA6/3/1-401,NA,96,2814
00SAG01,2000,3,SAG,BAF,NA,1008,10,CNA6/3/1-405,NA,100,3129
00SAG01,2000,3,SAG,BAF,NA,1009,10,CNA6/3/1-400,NA,85,2879
00SAG01,2000,3,SAG,BAF,NA,1010,10,CNA6/3/1-390,NA,70,2521
00SAG01,2000,3,SAG,BAF,NA,1011,10,CNA6/3/1-419,NA,75,2036
00SAG01,2000,3,SAG,BAF,NA,1012,10,CNA6/3/1-416,NA,80,971
00SAG01,2000,3,SAG,BAF,NA,1013,10,BRS_Primavera,NA,85,2307
00SAG01,2000,3,SAG,BAF,NA,1014,10,CNA6/3/1-418,NA,90,2936
00SAG01,2000,3,SAG,BAF,NA,1015,10,CNA6/3/1-410,NA,83,2743
00SAG01,2000,3,SAG,BAF,NA,1016,10,Guarani,NA,80,3093
00SAG01,2000,3,SAG,BAF,NA,1017,10,CNA6/3/1-389,NA,80,1964
00SAG01,2000,3,SAG,BAF,NA,1018,10,Carajas,NA,78,3743
00SAG01,2000,3,SAG,BAF,NA,1019,10,CNA6/3/1-382,NA,80,1986
00SAG01,2000,3,SAG,BAF,NA,1020,10,CNA6/3/1-406,NA,83,1893
00SAG01,2000,3,SAG,BAF,NA,1021,10,CNA6/3/1-404,NA,90,3179
00SAG01,2000,3,SAG,BAF,NA,1022,10,CNA6/3/1-420,NA,73,1964
00SAG01,2000,3,SAG,BAF,NA,1023,10,CNA6/3/1-408,NA,80,3400
00SAG01,2000,3,SAG,BAF,NA,1024,10,CNA6/3/1-399,NA,92,2879
00SAG01,2000,3,SAG,BAF,NA,1101,11,Guarani,NA,93,3279
00SAG01,2000,3,SAG,BAF,NA,1102,11,CNA6/3/1-439,NA,95,3136
00SAG01,2000,3,SAG,BAF,NA,1103,11,CNA6/3/1-424,NA,88,2900
00SAG01,2000,3,SAG,BAF,NA,1104,11,CNA6/3/1-426,NA,76,2050
00SAG01,2000,3,SAG,BAF,NA,1105,11,CNA6/3/1-422,NA,78,2100
00SAG01,2000,3,SAG,BAF,NA,1106,11,CNA6/3/1-441,NA,85,1793
00SAG01,2000,3,SAG,BAF,NA,1107,11,BRS_Primavera,NA,80,907
00SAG01,2000,3,SAG,BAF,NA,1108,11,CNA6/3/1-463,NA,95,2564
00SAG01,2000,3,SAG,BAF,NA,1109,11,CNA6/3/1-451,NA,83,2050
00SAG01,2000,3,SAG,BAF,NA,1110,11,CNA6/3/1-438,NA,83,886
00SAG01,2000,3,SAG,BAF,NA,1111,11,Carajas,NA,85,1107
00SAG01,2000,3,SAG,BAF,NA,1112,11,CNA6/3/1-423,NA,95,5800
00SAG01,2000,3,SAG,BAF,NA,1113,11,CNA6/3/1-427,NA,90,3007
00SAG01,2000,3,SAG,BAF,NA,1114,11,CNA6/3/1-431,NA,85,3321
00SAG01,2000,3,SAG,BAF,NA,1115,11,CNA6/3/1-429,NA,78,2371
00SAG01,2000,3,SAG,BAF,NA,1116,11,CNA6/3/1-457,NA,80,2600
00SAG01,2000,3,SAG,BAF,NA,1117,11,CNA6/3/1-455,NA,93,3021
00SAG01,2000,3,SAG,BAF,NA,1119,11,CNA6/3/1-445,NA,85,3057
00SAG01,2000,3,SAG,BAF,NA,1120,11,CNA6/3/1-446,NA,90,2136
00SAG01,2000,3,SAG,BAF,NA,1121,11,CNA6/3/1-440,NA,89,2393
00SAG01,2000,3,SAG,BAF,NA,1122,11,CNA6/3/1-447,NA,100,3179
00SAG01,2000,3,SAG,BAF,NA,1123,11,CNA6/3/1-449,NA,85,2064
00SAG01,2000,3,SAG,BAF,NA,1124,11,CNA6/3/1-428,NA,84,1771
00VIL01,2000,3,VIL,BAF,NA,101,1,CNA6/3/1-2,68,109,2550
00VIL01,2000,3,VIL,BAF,NA,102,1,Carajas,74,98,4013
00VIL01,2000,3,VIL,BAF,NA,103,1,CNA6/3/1-11,80,112,2888
00VIL01,2000,3,VIL,BAF,NA,104,1,CNA6/3/1-5,78,107,2738
00VIL01,2000,3,VIL,BAF,NA,105,1,CNA6/3/1-37,68,101,2813
00VIL01,2000,3,VIL,BAF,NA,106,1,CNA6/3/1-15,67,100,1938
00VIL01,2000,3,VIL,BAF,NA,107,1,Guarani,73,105,2975
00VIL01,2000,3,VIL,BAF,NA,108,1,CNA6/3/1-22,79,96,2563
00VIL01,2000,3,VIL,BAF,NA,109,1,CNA6/3/1-7,79,91,1688
00VIL01,2000,3,VIL,BAF,NA,110,1,CNA6/3/1-28,79,92,1825
00VIL01,2000,3,VIL,BAF,NA,111,1,CNA6/3/1-18,72,107,3925
00VIL01,2000,3,VIL,BAF,NA,112,1,BRS_Primavera,79,111,4488
00VIL01,2000,3,VIL,BAF,NA,113,1,CNA6/3/1-12,77,109,2800
00VIL01,2000,3,VIL,BAF,NA,114,1,CNA6/3/1-23,72,116,3300
00VIL01,2000,3,VIL,BAF,NA,115,1,CNA6/3/1-17,96,113,2138
00VIL01,2000,3,VIL,BAF,NA,116,1,CNA6/3/1-16,80,107,2013
00VIL01,2000,3,VIL,BAF,NA,117,1,CNA6/3/1-13,78,115,2788
00VIL01,2000,3,VIL,BAF,NA,118,1,CNA6/3/1-20,71,121,2188
00VIL01,2000,3,VIL,BAF,NA,119,1,CNA6/3/1-26,71,96,2550
00VIL01,2000,3,VIL,BAF,NA,120,1,CNA_8097,83,102,NA
00VIL01,2000,3,VIL,BAF,NA,121,1,CNA6/3/1-27,67,107,2908
00VIL01,2000,3,VIL,BAF,NA,122,1,CNA6/3/1-14,83,98,3028
00VIL01,2000,3,VIL,BAF,NA,123,1,CNA6/3/1-30,72,110,2363
00VIL01,2000,3,VIL,BAF,NA,124,1,CNA6/3/1-32,82,95,3118
00VIL01,2000,3,VIL,BAF,NA,201,2,CNA6/3/1-64,68,107,2300
00VIL01,2000,3,VIL,BAF,NA,202,2,CNA6/3/1-65,69,114,2450
00VIL01,2000,3,VIL,BAF,NA,203,2,CNA6/3/1-43,69,112,2775
00VIL01,2000,3,VIL,BAF,NA,204,2,CNA6/3/1-48,81,107,1888
00VIL01,2000,3,VIL,BAF,NA,205,2,CNA6/3/1-60,70,101,2500
00VIL01,2000,3,VIL,BAF,NA,206,2,CNA6/3/1-73,70,119,3375
00VIL01,2000,3,VIL,BAF,NA,207,2,CNA6/3/1-46,80,113,4188
00VIL01,2000,3,VIL,BAF,NA,208,2,CNA6/3/1-78,71,108,2413
00VIL01,2000,3,VIL,BAF,NA,209,2,CNA6/3/1-71,72,110,2688
00VIL01,2000,3,VIL,BAF,NA,210,2,CNA6/3/1-39,72,97,2725
00VIL01,2000,3,VIL,BAF,NA,211,2,BRS_Primavera,78,113,4125
00VIL01,2000,3,VIL,BAF,NA,212,2,Carajas,76,89,4050
00VIL01,2000,3,VIL,BAF,NA,213,2,CNA6/3/1-42,71,97,2861
00VIL01,2000,3,VIL,BAF,NA,214,2,CNA6/3/1-74,70,104,2213
00VIL01,2000,3,VIL,BAF,NA,215,2,CNA6/3/1-75,79,99,2650
00VIL01,2000,3,VIL,BAF,NA,216,2,CNA6/3/1-67,73,106,2000
00VIL01,2000,3,VIL,BAF,NA,217,2,CNA6/3/1-72,69,105,2516
00VIL01,2000,3,VIL,BAF,NA,218,2,CNA6/3/1-68,71,112,2909
00VIL01,2000,3,VIL,BAF,NA,219,2,CNA_8097,83,107,2075
00VIL01,2000,3,VIL,BAF,NA,220,2,CNA6/3/1-49,69,104,1463
00VIL01,2000,3,VIL,BAF,NA,221,2,CNA6/3/1-58,67,94,2125
00VIL01,2000,3,VIL,BAF,NA,222,2,CNA6/3/1-51,69,112,2588
00VIL01,2000,3,VIL,BAF,NA,223,2,CNA6/3/1-80,70,107,2588
00VIL01,2000,3,VIL,BAF,NA,224,2,Guarani,70,108,3375
00VIL01,2000,3,VIL,BAF,NA,301,3,CNA6/3/1-91,83,104,2238
00VIL01,2000,3,VIL,BAF,NA,302,3,Guarani,72,114,4063
00VIL01,2000,3,VIL,BAF,NA,303,3,CNA6/3/1-87,71,107,3260
00VIL01,2000,3,VIL,BAF,NA,304,3,BRS_Primavera,77,116,5000
00VIL01,2000,3,VIL,BAF,NA,305,3,CNA6/3/1-109,88,103,1925
00VIL01,2000,3,VIL,BAF,NA,306,3,CNA_8097,83,106,1325
00VIL01,2000,3,VIL,BAF,NA,307,3,CNA6/3/1-90,72,107,2375
00VIL01,2000,3,VIL,BAF,NA,308,3,CNA6/3/1-135,89,92,3448
00VIL01,2000,3,VIL,BAF,NA,309,3,CNA6/3/1-128,72,105,3113
00VIL01,2000,3,VIL,BAF,NA,310,3,CNA6/3/1-84,68,114,2300
00VIL01,2000,3,VIL,BAF,NA,311,3,Carajas,72,97,4075
00VIL01,2000,3,VIL,BAF,NA,312,3,CNA6/3/1-124,83,99,3081
00VIL01,2000,3,VIL,BAF,NA,313,3,CNA6/3/1-92,69,95,1788
00VIL01,2000,3,VIL,BAF,NA,314,3,CNA6/3/1-133,88,111,2906
00VIL01,2000,3,VIL,BAF,NA,315,3,CNA6/3/1-106,80,103,2475
00VIL01,2000,3,VIL,BAF,NA,316,3,CNA6/3/1-104,69,104,2850
00VIL01,2000,3,VIL,BAF,NA,317,3,CNA6/3/1-102,70,111,3300
00VIL01,2000,3,VIL,BAF,NA,318,3,CNA6/3/1-132,88,99,2966
00VIL01,2000,3,VIL,BAF,NA,319,3,CNA6/3/1-89,68,99,2638
00VIL01,2000,3,VIL,BAF,NA,320,3,CNA6/3/1-81,69,114,3663
00VIL01,2000,3,VIL,BAF,NA,321,3,CNA6/3/1-122,90,103,2199
00VIL01,2000,3,VIL,BAF,NA,322,3,CNA6/3/1-114,80,102,1975
00VIL01,2000,3,VIL,BAF,NA,323,3,CNA6/3/1-82,71,99,2563
00VIL01,2000,3,VIL,BAF,NA,324,3,CNA6/3/1-86,68,106,2450
00VIL01,2000,3,VIL,BAF,NA,401,4,CNA6/3/1-176,90,90,1731
00VIL01,2000,3,VIL,BAF,NA,402,4,CNA6/3/1-149,90,109,3335
00VIL01,2000,3,VIL,BAF,NA,403,4,CNA_8097,83,100,1438
00VIL01,2000,3,VIL,BAF,NA,404,4,CNA6/3/1-172,88,104,2908
00VIL01,2000,3,VIL,BAF,NA,405,4,CNA6/3/1-156,78,101,2500
00VIL01,2000,3,VIL,BAF,NA,406,4,CNA6/3/1-157,80,96,1700
00VIL01,2000,3,VIL,BAF,NA,407,4,CNA6/3/1-168,89,105,4150
00VIL01,2000,3,VIL,BAF,NA,408,4,CNA6/3/1-158,80,103,2450
00VIL01,2000,3,VIL,BAF,NA,409,4,Guarani,73,106,2925
00VIL01,2000,3,VIL,BAF,NA,410,4,CNA6/3/1-182,82,108,2369
00VIL01,2000,3,VIL,BAF,NA,411,4,BRS_Primavera,75,102,3663
00VIL01,2000,3,VIL,BAF,NA,412,4,CNA6/3/1-136,80,105,2613
00VIL01,2000,3,VIL,BAF,NA,413,4,CNA6/3/1-160,91,102,2056
00VIL01,2000,3,VIL,BAF,NA,414,4,Carajas,75,92,3475
00VIL01,2000,3,VIL,BAF,NA,415,4,CNA6/3/1-174,82,97,1959
00VIL01,2000,3,VIL,BAF,NA,416,4,CNA6/3/1-181,84,93,1338
00VIL01,2000,3,VIL,BAF,NA,417,4,CNA6/3/1-159,85,104,2238
00VIL01,2000,3,VIL,BAF,NA,418,4,CNA6/3/1-179,71,88,1563
00VIL01,2000,3,VIL,BAF,NA,419,4,CNA6/3/1-175,88,94,1800
00VIL01,2000,3,VIL,BAF,NA,420,4,CNA6/3/1-187,80,110,2150
00VIL01,2000,3,VIL,BAF,NA,421,4,CNA6/3/1-141,83,105,1788
00VIL01,2000,3,VIL,BAF,NA,422,4,CNA6/3/1-173,82,111,1138
00VIL01,2000,3,VIL,BAF,NA,423,4,CNA6/3/1-155,85,115,4331
00VIL01,2000,3,VIL,BAF,NA,424,4,CNA6/3/1-169,78,103,3189
00VIL01,2000,3,VIL,BAF,NA,501,5,CNA6/3/1-219,82,102,2613
00VIL01,2000,3,VIL,BAF,NA,502,5,Carajas,74,91,3713
00VIL01,2000,3,VIL,BAF,NA,503,5,CNA6/3/1-220,88,99,1225
00VIL01,2000,3,VIL,BAF,NA,504,5,CNA6/3/1-204,70,103,2388
00VIL01,2000,3,VIL,BAF,NA,505,5,CNA6/3/1-210,88,117,2713
00VIL01,2000,3,VIL,BAF,NA,506,5,CNA6/3/1-203,83,94,1788
00VIL01,2000,3,VIL,BAF,NA,507,5,Guarani,72,96,2263
00VIL01,2000,3,VIL,BAF,NA,508,5,CNA6/3/1-188,91,95,2863
00VIL01,2000,3,VIL,BAF,NA,509,5,CNA6/3/1-199,84,104,1150
00VIL01,2000,3,VIL,BAF,NA,510,5,BRS_Primavera,79,105,3475
00VIL01,2000,3,VIL,BAF,NA,511,5,CNA6/3/1-189,79,91,2525
00VIL01,2000,3,VIL,BAF,NA,512,5,CNA6/3/1-224,80,101,2448
00VIL01,2000,3,VIL,BAF,NA,513,5,CNA6/3/1-222,73,101,1825
00VIL01,2000,3,VIL,BAF,NA,514,5,CNA6/3/1-190,91,97,1250
00VIL01,2000,3,VIL,BAF,NA,515,5,CNA6/3/1-196,84,112,2500
00VIL01,2000,3,VIL,BAF,NA,516,5,CNA6/3/1-201,79,93,1963
00VIL01,2000,3,VIL,BAF,NA,517,5,CNA6/3/1-213,82,97,1813
00VIL01,2000,3,VIL,BAF,NA,518,5,CNA6/3/1-194,76,99,2044
00VIL01,2000,3,VIL,BAF,NA,519,5,CNA6/3/1-212,83,106,2770
00VIL01,2000,3,VIL,BAF,NA,520,5,CNA6/3/1-195,83,113,2225
00VIL01,2000,3,VIL,BAF,NA,521,5,CNA6/3/1-202,73,108,3225
00VIL01,2000,3,VIL,BAF,NA,522,5,CNA6/3/1-193,88,111,1925
00VIL01,2000,3,VIL,BAF,NA,523,5,CNA6/3/1-200,88,107,2303
00VIL01,2000,3,VIL,BAF,NA,524,5,CNA_8097,88,99,1588
00VIL01,2000,3,VIL,BAF,NA,601,6,CNA6/3/1-251,74,118,3638
00VIL01,2000,3,VIL,BAF,NA,602,6,Carajas,74,97,4488
00VIL01,2000,3,VIL,BAF,NA,603,6,CNA6/3/1-238,71,113,2613
00VIL01,2000,3,VIL,BAF,NA,604,6,CNA6/3/1-232,84,107,2925
00VIL01,2000,3,VIL,BAF,NA,605,6,CNA6/3/1-237,82,108,2113
00VIL01,2000,3,VIL,BAF,NA,606,6,CNA6/3/1-240,92,98,2388
00VIL01,2000,3,VIL,BAF,NA,607,6,CNA6/3/1-233,88,91,2063
00VIL01,2000,3,VIL,BAF,NA,608,6,CNA6/3/1-230,80,80,1538
00VIL01,2000,3,VIL,BAF,NA,609,6,CNA6/3/1-252,78,84,1188
00VIL01,2000,3,VIL,BAF,NA,610,6,CNA6/3/1-235,90,88,1088
00VIL01,2000,3,VIL,BAF,NA,611,6,CNA6/3/1-239,90,96,1488
00VIL01,2000,3,VIL,BAF,NA,612,6,CNA6/3/1-236,75,99,1713
00VIL01,2000,3,VIL,BAF,NA,613,6,CNA6/3/1-253,89,101,1388
00VIL01,2000,3,VIL,BAF,NA,614,6,CNA6/3/1-254,82,94,1963
00VIL01,2000,3,VIL,BAF,NA,615,6,CNA6/3/1-231,80,103,2963
00VIL01,2000,3,VIL,BAF,NA,616,6,CNA6/3/1-255,76,90,1686
00VIL01,2000,3,VIL,BAF,NA,617,6,CNA6/3/1-260,81,88,1400
00VIL01,2000,3,VIL,BAF,NA,618,6,CNA6/3/1-256,82,88,1450
00VIL01,2000,3,VIL,BAF,NA,619,6,CNA6/3/1-250,74,88,2013
00VIL01,2000,3,VIL,BAF,NA,620,6,Guarani,74,107,4163
00VIL01,2000,3,VIL,BAF,NA,621,6,BRS_Primavera,75,107,3350
00VIL01,2000,3,VIL,BAF,NA,622,6,CNA6/3/1-249,80,102,2288
00VIL01,2000,3,VIL,BAF,NA,623,6,CNA_8097,88,98,4463
00VIL01,2000,3,VIL,BAF,NA,624,6,CNA6/3/1-242,82,102,3213
00VIL01,2000,3,VIL,BAF,NA,701,7,CNA6/3/1-273,91,90,2073
00VIL01,2000,3,VIL,BAF,NA,702,7,Carajas,74,93,3575
00VIL01,2000,3,VIL,BAF,NA,703,7,CNA6/3/1-286,90,117,1600
00VIL01,2000,3,VIL,BAF,NA,704,7,CNA6/3/1-302,88,118,2540
00VIL01,2000,3,VIL,BAF,NA,705,7,CNA6/3/1-261,75,92,1838
00VIL01,2000,3,VIL,BAF,NA,706,7,CNA6/3/1-280,88,98,1770
00VIL01,2000,3,VIL,BAF,NA,707,7,CNA6/3/1-262,83,101,2525
00VIL01,2000,3,VIL,BAF,NA,708,7,Guarani,73,110,2650
00VIL01,2000,3,VIL,BAF,NA,709,7,CNA6/3/1-284,87,100,2238
00VIL01,2000,3,VIL,BAF,NA,710,7,CNA6/3/1-279,85,101,2693
00VIL01,2000,3,VIL,BAF,NA,711,7,BRS_Primavera,75,103,3625
00VIL01,2000,3,VIL,BAF,NA,712,7,CNA6/3/1-285,88,93,2018
00VIL01,2000,3,VIL,BAF,NA,713,7,CNA6/3/1-276,84,105,2213
00VIL01,2000,3,VIL,BAF,NA,714,7,CNA6/3/1-291,70,104,2000
00VIL01,2000,3,VIL,BAF,NA,715,7,CNA6/3/1-263,89,111,1846
00VIL01,2000,3,VIL,BAF,NA,716,7,CNA6/3/1-274,91,95,1899
00VIL01,2000,3,VIL,BAF,NA,717,7,CNA6/3/1-277,75,109,2113
00VIL01,2000,3,VIL,BAF,NA,718,7,CNA6/3/1-265,72,100,2823
00VIL01,2000,3,VIL,BAF,NA,719,7,CNA6/3/1-292,90,93,3109
00VIL01,2000,3,VIL,BAF,NA,720,7,CNA_8097,83,92,NA
00VIL01,2000,3,VIL,BAF,NA,721,7,CNA6/3/1-297,81,91,2075
00VIL01,2000,3,VIL,BAF,NA,722,7,CNA6/3/1-275,90,105,2275
00VIL01,2000,3,VIL,BAF,NA,723,7,CNA6/3/1-264,78,97,1975
00VIL01,2000,3,VIL,BAF,NA,724,7,CNA6/3/1-299,88,100,2100
00VIL01,2000,3,VIL,BAF,NA,801,8,CNA6/3/1-303,90,106,2505
00VIL01,2000,3,VIL,BAF,NA,802,8,CNA6/3/1-327,74,97,1600
00VIL01,2000,3,VIL,BAF,NA,803,8,CNA6/3/1-318,80,103,1438
00VIL01,2000,3,VIL,BAF,NA,804,8,CNA6/3/1-312,82,99,1475
00VIL01,2000,3,VIL,BAF,NA,805,8,CNA6/3/1-335,91,91,1463
00VIL01,2000,3,VIL,BAF,NA,806,8,CNA6/3/1-307,88,91,1788
00VIL01,2000,3,VIL,BAF,NA,807,8,CNA6/3/1-319,90,89,2049
00VIL01,2000,3,VIL,BAF,NA,808,8,CNA_8097,83,91,650
00VIL01,2000,3,VIL,BAF,NA,809,8,Guarani,74,111,3725
00VIL01,2000,3,VIL,BAF,NA,810,8,CNA6/3/1-340,85,102,2725
00VIL01,2000,3,VIL,BAF,NA,811,8,CNA6/3/1-306,88,89,2313
00VIL01,2000,3,VIL,BAF,NA,812,8,CNA6/3/1-334,89,103,2150
00VIL01,2000,3,VIL,BAF,NA,813,8,CNA6/3/1-339,82,103,1448
00VIL01,2000,3,VIL,BAF,NA,814,8,CNA6/3/1-313,72,110,1989
00VIL01,2000,3,VIL,BAF,NA,815,8,CNA6/3/1-326,88,114,2445
00VIL01,2000,3,VIL,BAF,NA,816,8,CNA6/3/1-314,88,114,2325
00VIL01,2000,3,VIL,BAF,NA,817,8,Carajas,75,92,3125
00VIL01,2000,3,VIL,BAF,NA,818,8,CNA6/3/1-333,88,97,2221
00VIL01,2000,3,VIL,BAF,NA,819,8,CNA6/3/1-324,83,101,2888
00VIL01,2000,3,VIL,BAF,NA,820,8,CNA6/3/1-304,88,100,2363
00VIL01,2000,3,VIL,BAF,NA,821,8,CNA6/3/1-321,85,98,2700
00VIL01,2000,3,VIL,BAF,NA,822,8,BRS_Primavera,75,102,3288
00VIL01,2000,3,VIL,BAF,NA,823,8,CNA6/3/1-305,76,97,1988
00VIL01,2000,3,VIL,BAF,NA,824,8,CNA6/3/1-322,78,91,1625
00VIL01,2000,3,VIL,BAF,NA,901,9,CNA6/3/1-369,83,100,2133
00VIL01,2000,3,VIL,BAF,NA,902,9,Guarani,73,108,3488
00VIL01,2000,3,VIL,BAF,NA,903,9,CNA6/3/1-351,72,101,1888
00VIL01,2000,3,VIL,BAF,NA,904,9,CNA6/3/1-373,88,108,2113
00VIL01,2000,3,VIL,BAF,NA,905,9,CNA6/3/1-344,83,106,2275
00VIL01,2000,3,VIL,BAF,NA,906,9,CNA6/3/1-368,90,100,1638
00VIL01,2000,3,VIL,BAF,NA,907,9,CNA6/3/1-348,90,91,1538
00VIL01,2000,3,VIL,BAF,NA,908,9,CNA6/3/1-354,74,98,1438
00VIL01,2000,3,VIL,BAF,NA,909,9,Carajas,74,92,3325
00VIL01,2000,3,VIL,BAF,NA,910,9,CNA6/3/1-380,88,116,2000
00VIL01,2000,3,VIL,BAF,NA,911,9,CNA6/3/1-359,74,105,2613
00VIL01,2000,3,VIL,BAF,NA,912,9,CNA6/3/1-349,80,110,2375
00VIL01,2000,3,VIL,BAF,NA,913,9,CNA6/3/1-361,88,95,3125
00VIL01,2000,3,VIL,BAF,NA,914,9,CNA6/3/1-347,90,94,2345
00VIL01,2000,3,VIL,BAF,NA,915,9,CNA6/3/1-358,92,110,2150
00VIL01,2000,3,VIL,BAF,NA,916,9,CNA6/3/1-366,85,120,2813
00VIL01,2000,3,VIL,BAF,NA,917,9,BRS_Primavera,74,97,2375
00VIL01,2000,3,VIL,BAF,NA,918,9,CNA6/3/1-378,92,90,2230
00VIL01,2000,3,VIL,BAF,NA,919,9,CNA6/3/1-357,88,93,1675
00VIL01,2000,3,VIL,BAF,NA,920,9,CNA6/3/1-341,90,87,1913
00VIL01,2000,3,VIL,BAF,NA,921,9,CNA_8097,83,99,550
00VIL01,2000,3,VIL,BAF,NA,922,9,CNA6/3/1-375,91,115,2025
00VIL01,2000,3,VIL,BAF,NA,923,9,CNA6/3/1-374,88,102,2725
00VIL01,2000,3,VIL,BAF,NA,924,9,CNA6/3/1-379,90,110,1525
00VIL01,2000,3,VIL,BAF,NA,1001,10,Guarani,75,109,3138
00VIL01,2000,3,VIL,BAF,NA,1002,10,CNA6/3/1-382,88,96,1625
00VIL01,2000,3,VIL,BAF,NA,1003,10,CNA6/3/1-416,90,94,800
00VIL01,2000,3,VIL,BAF,NA,1004,10,CNA_8097,83,93,463
00VIL01,2000,3,VIL,BAF,NA,1005,10,CNA6/3/1-407,90,112,2625
00VIL01,2000,3,VIL,BAF,NA,1006,10,CNA6/3/1-389,87,96,1813
00VIL01,2000,3,VIL,BAF,NA,1007,10,CNA6/3/1-420,83,86,2088
00VIL01,2000,3,VIL,BAF,NA,1008,10,CNA6/3/1-419,75,117,2713
00VIL01,2000,3,VIL,BAF,NA,1009,10,CNA6/3/1-418,69,104,3063
00VIL01,2000,3,VIL,BAF,NA,1010,10,CNA6/3/1-411,88,102,2288
00VIL01,2000,3,VIL,BAF,NA,1011,10,CNA6/3/1-390,80,99,2753
00VIL01,2000,3,VIL,BAF,NA,1012,10,BRS_Primavera,77,112,4300
00VIL01,2000,3,VIL,BAF,NA,1013,10,CNA6/3/1-406,90,102,2938
00VIL01,2000,3,VIL,BAF,NA,1014,10,CNA6/3/1-410,82,102,1850
00VIL01,2000,3,VIL,BAF,NA,1015,10,CNA6/3/1-384,89,91,2225
00VIL01,2000,3,VIL,BAF,NA,1016,10,CNA6/3/1-400,90,87,1925
00VIL01,2000,3,VIL,BAF,NA,1017,10,CNA6/3/1-388,90,80,2100
00VIL01,2000,3,VIL,BAF,NA,1018,10,CNA6/3/1-404,90,100,2904
00VIL01,2000,3,VIL,BAF,NA,1019,10,CNA6/3/1-383,74,118,3038
00VIL01,2000,3,VIL,BAF,NA,1020,10,CNA6/3/1-405,82,118,3063
00VIL01,2000,3,VIL,BAF,NA,1021,10,CNA6/3/1-399,72,118,2138
00VIL01,2000,3,VIL,BAF,NA,1022,10,Carajas,74,97,3600
00VIL01,2000,3,VIL,BAF,NA,1023,10,CNA6/3/1-401,88,107,2163
00VIL01,2000,3,VIL,BAF,NA,1024,10,CNA6/3/1-408,78,94,3663
00VIL01,2000,3,VIL,BAF,NA,1101,11,CNA6/3/1-427,78,92,1413
00VIL01,2000,3,VIL,BAF,NA,1102,11,CNA6/3/1-457,74,91,2238
00VIL01,2000,3,VIL,BAF,NA,1103,11,CNA6/3/1-431,75,102,1913
00VIL01,2000,3,VIL,BAF,NA,1104,11,Guarani,74,117,4313
00VIL01,2000,3,VIL,BAF,NA,1105,11,CNA6/3/1-440,72,105,2100
00VIL01,2000,3,VIL,BAF,NA,1106,11,CNA6/3/1-446,73,103,2263
00VIL01,2000,3,VIL,BAF,NA,1107,11,CNA6/3/1-439,73,102,1938
00VIL01,2000,3,VIL,BAF,NA,1108,11,CNA6/3/1-451,99,108,2821
00VIL01,2000,3,VIL,BAF,NA,1109,11,CNA6/3/1-428,74,112,2088
00VIL01,2000,3,VIL,BAF,NA,1110,11,CNA6/3/1-424,73,100,3250
00VIL01,2000,3,VIL,BAF,NA,1111,11,CNA6/3/1-441,73,107,3353
00VIL01,2000,3,VIL,BAF,NA,1112,11,CNA_8097,90,91,NA
00VIL01,2000,3,VIL,BAF,NA,1113,11,CNA6/3/1-449,90,104,1200
00VIL01,2000,3,VIL,BAF,NA,1114,11,CNA6/3/1-447,80,100,1813
00VIL01,2000,3,VIL,BAF,NA,1115,11,CNA6/3/1-423,73,104,1975
00VIL01,2000,3,VIL,BAF,NA,1116,11,CNA6/3/1-422,74,85,1863
00VIL01,2000,3,VIL,BAF,NA,1117,11,CNA6/3/1-426,74,102,3088
00VIL01,2000,3,VIL,BAF,NA,1118,11,CNA6/3/1-438,74,108,2613
00VIL01,2000,3,VIL,BAF,NA,1119,11,CNA6/3/1-463,83,100,2350
00VIL01,2000,3,VIL,BAF,NA,1120,11,CNA6/3/1-429,78,87,2113
00VIL01,2000,3,VIL,BAF,NA,1121,11,CNA6/3/1-455,82,109,2650
00VIL01,2000,3,VIL,BAF,NA,1122,11,Carajas,74,104,4688
00VIL01,2000,3,VIL,BAF,NA,1123,11,CNA6/3/1-445,74,105,2500
00VIL01,2000,3,VIL,BAF,NA,1124,11,BRS_Primavera,75,113,3988
00PVA01,2000,3,PRI,BAF,NA,101,1,CNA6/3/1-26,68,110,3792
00PVA01,2000,3,PRI,BAF,NA,102,1,CNA6/3/1-18,74,104,3300
00PVA01,2000,3,PRI,BAF,NA,103,1,CNA6/3/1-23,72,103,2633
00PVA01,2000,3,PRI,BAF,NA,104,1,CNA6/3/1-7,81,89,3075
00PVA01,2000,3,PRI,BAF,NA,105,1,CNA6/3/1-11,79,101,3533
00PVA01,2000,3,PRI,BAF,NA,106,1,CNA6/3/1-20,74,112,2542
00PVA01,2000,3,PRI,BAF,NA,107,1,CNA6/3/1-12,74,114,2617
00PVA01,2000,3,PRI,BAF,NA,109,1,CNA6/3/1-27,65,107,2400
00PVA01,2000,3,PRI,BAF,NA,110,1,CNA6/3/1-15,68,108,2292
00PVA01,2000,3,PRI,BAF,NA,111,1,CNA6/3/1-17,65,104,1542
00PVA01,2000,3,PRI,BAF,NA,112,1,BRS_Primavera,75,93,783
00PVA01,2000,3,PRI,BAF,NA,113,1,CNA6/3/1-30,75,100,3925
00PVA01,2000,3,PRI,BAF,NA,114,1,CNA6/3/1-28,76,113,3400
00PVA01,2000,3,PRI,BAF,NA,115,1,Guarani,72,100,2967
00PVA01,2000,3,PRI,BAF,NA,116,1,CNA6/3/1-5,75,115,3108
00PVA01,2000,3,PRI,BAF,NA,117,1,CNA6/3/1-14,80,108,4925
00PVA01,2000,3,PRI,BAF,NA,118,1,CNA6/3/1-13,77,120,3150
00PVA01,2000,3,PRI,BAF,NA,119,1,Carajas,77,97,2867
00PVA01,2000,3,PRI,BAF,NA,120,1,CNA6/3/1-32,77,85,3117
00PVA01,2000,3,PRI,BAF,NA,121,1,CNA6/3/1-2,65,94,2025
00PVA01,2000,3,PRI,BAF,NA,122,1,CNA6/3/1-22,72,108,3917
00PVA01,2000,3,PRI,BAF,NA,123,1,CNA6/3/1-37,66,99,2892
00PVA01,2000,3,PRI,BAF,NA,124,1,CNA6/3/1-16,76,105,2742
00PVA01,2000,3,PRI,BAF,NA,201,2,CNA6/3/1-73,65,113,3992
00PVA01,2000,3,PRI,BAF,NA,202,2,CNA6/3/1-74,68,112,2125
00PVA01,2000,3,PRI,BAF,NA,203,2,CNA6/3/1-46,76,110,4042
00PVA01,2000,3,PRI,BAF,NA,204,2,CNA6/3/1-43,68,100,3233
00PVA01,2000,3,PRI,BAF,NA,205,2,CNA6/3/1-71,77,107,3142
00PVA01,2000,3,PRI,BAF,NA,207,2,CNA6/3/1-49,65,94,2075
00PVA01,2000,3,PRI,BAF,NA,208,2,CNA6/3/1-72,68,100,2958
00PVA01,2000,3,PRI,BAF,NA,209,2,CNA6/3/1-58,65,92,1550
00PVA01,2000,3,PRI,BAF,NA,210,2,CNA6/3/1-78,72,103,1958
00PVA01,2000,3,PRI,BAF,NA,211,2,Guarani,72,100,2792
00PVA01,2000,3,PRI,BAF,NA,212,2,CNA6/3/1-39,72,103,3050
00PVA01,2000,3,PRI,BAF,NA,213,2,CNA6/3/1-65,65,111,2375
00PVA01,2000,3,PRI,BAF,NA,214,2,CNA6/3/1-42,65,110,2775
00PVA01,2000,3,PRI,BAF,NA,215,2,Carajas,74,99,3592
00PVA01,2000,3,PRI,BAF,NA,216,2,CNA6/3/1-51,65,100,1242
00PVA01,2000,3,PRI,BAF,NA,217,2,CNA6/3/1-80,72,107,2850
00PVA01,2000,3,PRI,BAF,NA,218,2,CNA6/3/1-68,72,112,3358
00PVA01,2000,3,PRI,BAF,NA,219,2,BRS_Primavera,74,105,1592
00PVA01,2000,3,PRI,BAF,NA,220,2,CNA6/3/1-64,68,107,2358
00PVA01,2000,3,PRI,BAF,NA,221,2,CNA6/3/1-75,79,106,3167
00PVA01,2000,3,PRI,BAF,NA,222,2,CNA6/3/1-48,74,110,2067
00PVA01,2000,3,PRI,BAF,NA,223,2,CNA6/3/1-67,79,106,2733
00PVA01,2000,3,PRI,BAF,NA,224,2,CNA6/3/1-60,66,104,3117
00PVA01,2000,3,PRI,BAF,NA,301,3,CNA6/3/1-124,79,107,3267
00PVA01,2000,3,PRI,BAF,NA,302,3,CNA6/3/1-109,84,109,2617
00PVA01,2000,3,PRI,BAF,NA,303,3,BRS_Primavera,75,96,1283
00PVA01,2000,3,PRI,BAF,NA,304,3,CNA6/3/1-133,81,111,3442
00PVA01,2000,3,PRI,BAF,NA,305,3,CNA6/3/1-90,72,110,3358
00PVA01,2000,3,PRI,BAF,NA,306,3,CNA6/3/1-84,68,108,2583
00PVA01,2000,3,PRI,BAF,NA,307,3,CNA6/3/1-114,72,109,2617
00PVA01,2000,3,PRI,BAF,NA,308,3,CNA6/3/1-122,81,111,4225
00PVA01,2000,3,PRI,BAF,NA,309,3,CNA6/3/1-86,65,108,1650
00PVA01,2000,3,PRI,BAF,NA,310,3,CNA6/3/1-89,65,105,2525
00PVA01,2000,3,PRI,BAF,NA,311,3,CNA6/3/1-87,72,112,3208
00PVA01,2000,3,PRI,BAF,NA,312,3,CNA6/3/1-91,87,106,2683
00PVA01,2000,3,PRI,BAF,NA,314,3,CNA6/3/1-82,75,102,2692
00PVA01,2000,3,PRI,BAF,NA,315,3,CNA6/3/1-104,68,110,3525
00PVA01,2000,3,PRI,BAF,NA,316,3,CNA6/3/1-81,65,98,2475
00PVA01,2000,3,PRI,BAF,NA,317,3,CNA6/3/1-128,74,105,3908
00PVA01,2000,3,PRI,BAF,NA,318,3,CNA6/3/1-135,81,109,3908
00PVA01,2000,3,PRI,BAF,NA,319,3,CNA6/3/1-92,72,100,2133
00PVA01,2000,3,PRI,BAF,NA,320,3,Carajas,79,94,2817
00PVA01,2000,3,PRI,BAF,NA,321,3,Guarani,75,96,3058
00PVA01,2000,3,PRI,BAF,NA,322,3,CNA6/3/1-132,87,100,3433
00PVA01,2000,3,PRI,BAF,NA,323,3,CNA6/3/1-106,84,108,2617
00PVA01,2000,3,PRI,BAF,NA,324,3,CNA6/3/1-102,74,109,3200
00PVA01,2000,3,PRI,BAF,NA,401,4,Carajas,76,90,2742
00PVA01,2000,3,PRI,BAF,NA,402,4,CNA6/3/1-176,93,106,2683
00PVA01,2000,3,PRI,BAF,NA,403,4,CNA6/3/1-187,72,108,3033
00PVA01,2000,3,PRI,BAF,NA,404,4,CNA6/3/1-173,81,112,3825
00PVA01,2000,3,PRI,BAF,NA,405,4,CNA6/3/1-149,89,118,4883
00PVA01,2000,3,PRI,BAF,NA,406,4,CNA6/3/1-179,75,110,3608
00PVA01,2000,3,PRI,BAF,NA,407,4,CNA6/3/1-182,80,107,2783
00PVA01,2000,3,PRI,BAF,NA,408,4,CNA6/3/1-168,91,107,2708
00PVA01,2000,3,PRI,BAF,NA,410,4,CNA6/3/1-174,79,105,3350
00PVA01,2000,3,PRI,BAF,NA,411,4,CNA6/3/1-172,89,110,4067
00PVA01,2000,3,PRI,BAF,NA,412,4,CNA6/3/1-169,74,103,3108
00PVA01,2000,3,PRI,BAF,NA,413,4,CNA6/3/1-155,91,111,2650
00PVA01,2000,3,PRI,BAF,NA,414,4,CNA6/3/1-175,83,116,3817
00PVA01,2000,3,PRI,BAF,NA,415,4,CNA6/3/1-159,92,112,2117
00PVA01,2000,3,PRI,BAF,NA,416,4,CNA6/3/1-157,74,120,3792
00PVA01,2000,3,PRI,BAF,NA,417,4,CNA6/3/1-181,87,115,3275
00PVA01,2000,3,PRI,BAF,NA,418,4,CNA6/3/1-156,72,112,2058
00PVA01,2000,3,PRI,BAF,NA,419,4,CNA6/3/1-141,81,109,2875
00PVA01,2000,3,PRI,BAF,NA,420,4,CNA6/3/1-160,93,112,3750
00PVA01,2000,3,PRI,BAF,NA,421,4,BRS_Primavera,74,107,1458
00PVA01,2000,3,PRI,BAF,NA,422,4,Guarani,76,107,3083
00PVA01,2000,3,PRI,BAF,NA,423,4,CNA6/3/1-136,75,111,4392
00PVA01,2000,3,PRI,BAF,NA,424,4,CNA6/3/1-158,79,112,2808
00PVA01,2000,3,PRI,BAF,NA,501,5,CNA6/3/1-222,72,114,2933
00PVA01,2000,3,PRI,BAF,NA,502,5,CNA6/3/1-219,79,109,3025
00PVA01,2000,3,PRI,BAF,NA,503,5,CNA6/3/1-210,56,113,4042
00PVA01,2000,3,PRI,BAF,NA,504,5,CNA6/3/1-188,90,105,3250
00PVA01,2000,3,PRI,BAF,NA,505,5,CNA6/3/1-193,88,112,3917
00PVA01,2000,3,PRI,BAF,NA,506,5,CNA6/3/1-199,80,113,2600
00PVA01,2000,3,PRI,BAF,NA,507,5,CNA6/3/1-204,68,106,1292
00PVA01,2000,3,PRI,BAF,NA,508,5,BRS_Primavera,74,105,1075
00PVA01,2000,3,PRI,BAF,NA,509,5,CNA6/3/1-220,81,111,3033
00PVA01,2000,3,PRI,BAF,NA,511,5,CNA6/3/1-202,77,104,4025
00PVA01,2000,3,PRI,BAF,NA,512,5,CNA6/3/1-194,72,105,4042
00PVA01,2000,3,PRI,BAF,NA,513,5,CNA6/3/1-190,91,113,3058
00PVA01,2000,3,PRI,BAF,NA,514,5,CNA6/3/1-195,88,109,2617
00PVA01,2000,3,PRI,BAF,NA,515,5,Carajas,74,82,3542
00PVA01,2000,3,PRI,BAF,NA,516,5,CNA6/3/1-200,62,107,2542
00PVA01,2000,3,PRI,BAF,NA,517,5,CNA6/3/1-224,79,109,3800
00PVA01,2000,3,PRI,BAF,NA,518,5,CNA6/3/1-212,89,113,3525
00PVA01,2000,3,PRI,BAF,NA,519,5,CNA6/3/1-189,75,115,3367
00PVA01,2000,3,PRI,BAF,NA,520,5,CNA6/3/1-196,81,109,4225
00PVA01,2000,3,PRI,BAF,NA,521,5,CNA6/3/1-203,76,116,2792
00PVA01,2000,3,PRI,BAF,NA,522,5,CNA6/3/1-213,81,115,2942
00PVA01,2000,3,PRI,BAF,NA,523,5,CNA6/3/1-201,80,110,3025
00PVA01,2000,3,PRI,BAF,NA,524,5,Guarani,74,107,2725
00PVA01,2000,3,PRI,BAF,NA,602,6,Guarani,74,105,3275
00PVA01,2000,3,PRI,BAF,NA,603,6,CNA6/3/1-249,74,104,3250
00PVA01,2000,3,PRI,BAF,NA,604,6,CNA6/3/1-253,89,116,2858
00PVA01,2000,3,PRI,BAF,NA,605,6,CNA6/3/1-236,72,108,3608
00PVA01,2000,3,PRI,BAF,NA,606,6,CNA6/3/1-250,72,105,2808
00PVA01,2000,3,PRI,BAF,NA,607,6,BRS_Primavera,76,97,642
00PVA01,2000,3,PRI,BAF,NA,608,6,CNA6/3/1-256,77,115,3500
00PVA01,2000,3,PRI,BAF,NA,609,6,CNA6/3/1-260,79,113,3025
00PVA01,2000,3,PRI,BAF,NA,610,6,CNA6/3/1-251,76,108,2533
00PVA01,2000,3,PRI,BAF,NA,611,6,CNA6/3/1-237,79,114,2583
00PVA01,2000,3,PRI,BAF,NA,612,6,CNA6/3/1-230,77,112,3817
00PVA01,2000,3,PRI,BAF,NA,613,6,CNA6/3/1-254,76,110,3142
00PVA01,2000,3,PRI,BAF,NA,614,6,CNA6/3/1-238,75,105,2833
00PVA01,2000,3,PRI,BAF,NA,615,6,Carajas,75,85,2300
00PVA01,2000,3,PRI,BAF,NA,616,6,CNA6/3/1-255,72,106,3617
00PVA01,2000,3,PRI,BAF,NA,617,6,CNA6/3/1-239,93,125,1600
00PVA01,2000,3,PRI,BAF,NA,618,6,CNA6/3/1-242,77,108,3283
00PVA01,2000,3,PRI,BAF,NA,619,6,CNA6/3/1-232,84,110,3058
00PVA01,2000,3,PRI,BAF,NA,620,6,CNA6/3/1-252,77,106,3333
00PVA01,2000,3,PRI,BAF,NA,621,6,CNA6/3/1-235,89,100,2792
00PVA01,2000,3,PRI,BAF,NA,622,6,CNA6/3/1-233,86,113,3158
00PVA01,2000,3,PRI,BAF,NA,623,6,CNA6/3/1-240,74,108,2233
00PVA01,2000,3,PRI,BAF,NA,624,6,CNA6/3/1-231,81,107,4608
00PVA01,2000,3,PRI,BAF,NA,701,7,BRS_Primavera,75,102,967
00PVA01,2000,3,PRI,BAF,NA,702,7,CNA6/3/1-263,93,128,2800
00PVA01,2000,3,PRI,BAF,NA,703,7,CNA6/3/1-265,68,109,2683
00PVA01,2000,3,PRI,BAF,NA,704,7,CNA6/3/1-262,86,110,2633
00PVA01,2000,3,PRI,BAF,NA,705,7,CNA6/3/1-279,87,113,4158
00PVA01,2000,3,PRI,BAF,NA,706,7,CNA6/3/1-273,81,100,2450
00PVA01,2000,3,PRI,BAF,NA,707,7,Carajas,75,95,2825
00PVA01,2000,3,PRI,BAF,NA,708,7,CNA6/3/1-261,76,108,3158
00PVA01,2000,3,PRI,BAF,NA,709,7,CNA6/3/1-277,79,115,1017
00PVA01,2000,3,PRI,BAF,NA,710,7,CNA6/3/1-280,87,113,2567
00PVA01,2000,3,PRI,BAF,NA,711,7,CNA6/3/1-291,72,117,2275
00PVA01,2000,3,PRI,BAF,NA,712,7,CNA6/3/1-299,87,110,1900
00PVA01,2000,3,PRI,BAF,NA,713,7,CNA6/3/1-284,84,105,2483
00PVA01,2000,3,PRI,BAF,NA,714,7,CNA6/3/1-292,93,120,3767
00PVA01,2000,3,PRI,BAF,NA,715,7,CNA6/3/1-275,89,109,2850
00PVA01,2000,3,PRI,BAF,NA,716,7,CNA6/3/1-264,94,99,2875
00PVA01,2000,3,PRI,BAF,NA,717,7,CNA6/3/1-302,91,123,3842
00PVA01,2000,3,PRI,BAF,NA,718,7,CNA6/3/1-286,81,121,3275
00PVA01,2000,3,PRI,BAF,NA,719,7,CNA6/3/1-297,81,95,2042
00PVA01,2000,3,PRI,BAF,NA,720,7,CNA6/3/1-285,87,119,2600
00PVA01,2000,3,PRI,BAF,NA,721,7,CNA6/3/1-276,87,117,3467
00PVA01,2000,3,PRI,BAF,NA,723,7,CNA6/3/1-274,94,114,2075
00PVA01,2000,3,PRI,BAF,NA,724,7,Guarani,72,109,4392
00PVA01,2000,3,PRI,BAF,NA,801,8,CNA6/3/1-305,81,121,4833
00PVA01,2000,3,PRI,BAF,NA,802,8,CNA6/3/1-303,65,117,2742
00PVA01,2000,3,PRI,BAF,NA,803,8,CNA6/3/1-307,77,110,2117
00PVA01,2000,3,PRI,BAF,NA,804,8,CNA6/3/1-339,87,121,2383
00PVA01,2000,3,PRI,BAF,NA,805,8,CNA6/3/1-322,72,127,2417
00PVA01,2000,3,PRI,BAF,NA,806,8,Guarani,76,110,3608
00PVA01,2000,3,PRI,BAF,NA,807,8,CNA6/3/1-334,90,117,3458
00PVA01,2000,3,PRI,BAF,NA,808,8,Carajas,76,88,3725
00PVA01,2000,3,PRI,BAF,NA,809,8,CNA6/3/1-327,77,103,3558
00PVA01,2000,3,PRI,BAF,NA,810,8,CNA6/3/1-318,83,114,2758
00PVA01,2000,3,PRI,BAF,NA,811,8,CNA6/3/1-335,90,121,3075
00PVA01,2000,3,PRI,BAF,NA,812,8,CNA6/3/1-319,81,108,3033
00PVA01,2000,3,PRI,BAF,NA,814,8,BRS_Primavera,74,99,1192
00PVA01,2000,3,PRI,BAF,NA,815,8,CNA6/3/1-314,69,116,1625
00PVA01,2000,3,PRI,BAF,NA,816,8,CNA6/3/1-313,72,110,3333
00PVA01,2000,3,PRI,BAF,NA,817,8,CNA6/3/1-340,79,103,4675
00PVA01,2000,3,PRI,BAF,NA,818,8,CNA6/3/1-324,81,119,4108
00PVA01,2000,3,PRI,BAF,NA,819,8,CNA6/3/1-321,89,114,4108
00PVA01,2000,3,PRI,BAF,NA,820,8,CNA6/3/1-312,79,110,3083
00PVA01,2000,3,PRI,BAF,NA,821,8,CNA6/3/1-333,87,105,2300
00PVA01,2000,3,PRI,BAF,NA,822,8,CNA6/3/1-326,91,114,2808
00PVA01,2000,3,PRI,BAF,NA,823,8,CNA6/3/1-304,87,110,2708
00PVA01,2000,3,PRI,BAF,NA,824,8,CNA6/3/1-306,89,109,3125
00PVA01,2000,3,PRI,BAF,NA,901,9,CNA6/3/1-347,92,102,3517
00PVA01,2000,3,PRI,BAF,NA,902,9,Guarani,72,100,2892
00PVA01,2000,3,PRI,BAF,NA,903,9,CNA6/3/1-351,72,105,1992
00PVA01,2000,3,PRI,BAF,NA,904,9,CNA6/3/1-379,93,130,3133
00PVA01,2000,3,PRI,BAF,NA,905,9,CNA6/3/1-366,81,125,3100
00PVA01,2000,3,PRI,BAF,NA,906,9,CNA6/3/1-344,79,111,2225
00PVA01,2000,3,PRI,BAF,NA,907,9,CNA6/3/1-357,77,112,2925
00PVA01,2000,3,PRI,BAF,NA,909,9,BRS_Primavera,75,101,1825
00PVA01,2000,3,PRI,BAF,NA,910,9,CNA6/3/1-358,96,112,2483
00PVA01,2000,3,PRI,BAF,NA,911,9,CNA6/3/1-369,80,111,2783
00PVA01,2000,3,PRI,BAF,NA,912,9,CNA6/3/1-374,87,109,2625
00PVA01,2000,3,PRI,BAF,NA,913,9,CNA6/3/1-375,81,127,3008
00PVA01,2000,3,PRI,BAF,NA,914,9,CNA6/3/1-368,89,133,3658
00PVA01,2000,3,PRI,BAF,NA,915,9,CNA6/3/1-378,87,120,3775
00PVA01,2000,3,PRI,BAF,NA,916,9,CNA6/3/1-373,91,117,3467
00PVA01,2000,3,PRI,BAF,NA,917,9,CNA6/3/1-380,86,116,3192
00PVA01,2000,3,PRI,BAF,NA,918,9,CNA6/3/1-359,74,113,2808
00PVA01,2000,3,PRI,BAF,NA,919,9,CNA6/3/1-354,76,110,3158
00PVA01,2000,3,PRI,BAF,NA,920,9,CNA6/3/1-361,88,98,4250
00PVA01,2000,3,PRI,BAF,NA,921,9,CNA6/3/1-348,89,115,2867
00PVA01,2000,3,PRI,BAF,NA,922,9,CNA6/3/1-349,81,112,3283
00PVA01,2000,3,PRI,BAF,NA,923,9,Carajas,74,86,3517
00PVA01,2000,3,PRI,BAF,NA,924,9,CNA6/3/1-341,87,111,4217
00PVA01,2000,3,PRI,BAF,NA,1002,10,CNA6/3/1-411,77,98,4308
00PVA01,2000,3,PRI,BAF,NA,1003,10,CNA6/3/1-390,77,99,3700
00PVA01,2000,3,PRI,BAF,NA,1004,10,CNA6/3/1-400,81,103,2750
00PVA01,2000,3,PRI,BAF,NA,1005,10,BRS_Primavera,75,107,1783
00PVA01,2000,3,PRI,BAF,NA,1006,10,Carajas,76,88,3217
00PVA01,2000,3,PRI,BAF,NA,1007,10,CNA6/3/1-418,65,118,3142
00PVA01,2000,3,PRI,BAF,NA,1008,10,CNA6/3/1-406,66,108,3183
00PVA01,2000,3,PRI,BAF,NA,1009,10,CNA6/3/1-384,81,104,4100
00PVA01,2000,3,PRI,BAF,NA,1010,10,CNA6/3/1-399,68,96,2700
00PVA01,2000,3,PRI,BAF,NA,1011,10,CNA6/3/1-420,81,95,3042
00PVA01,2000,3,PRI,BAF,NA,1012,10,CNA6/3/1-388,90,119,3433
00PVA01,2000,3,PRI,BAF,NA,1013,10,CNA6/3/1-382,86,99,2500
00PVA01,2000,3,PRI,BAF,NA,1014,10,CNA6/3/1-416,87,99,1508
00PVA01,2000,3,PRI,BAF,NA,1015,10,CNA6/3/1-401,89,113,2817
00PVA01,2000,3,PRI,BAF,NA,1016,10,Guarani,72,90,4200
00PVA01,2000,3,PRI,BAF,NA,1017,10,CNA6/3/1-389,86,121,2625
00PVA01,2000,3,PRI,BAF,NA,1018,10,CNA6/3/1-404,79,123,3450
00PVA01,2000,3,PRI,BAF,NA,1019,10,CNA6/3/1-419,77,112,2758
00PVA01,2000,3,PRI,BAF,NA,1020,10,CNA6/3/1-408,76,87,2925
00PVA01,2000,3,PRI,BAF,NA,1021,10,CNA6/3/1-383,80,100,2117
00PVA01,2000,3,PRI,BAF,NA,1022,10,CNA6/3/1-407,87,111,3700
00PVA01,2000,3,PRI,BAF,NA,1023,10,CNA6/3/1-405,81,117,2875
00PVA01,2000,3,PRI,BAF,NA,1024,10,CNA6/3/1-410,77,115,3200
00PVA01,2000,3,PRI,BAF,NA,1101,11,CNA6/3/1-440,65,109,2150
00PVA01,2000,3,PRI,BAF,NA,1102,11,CNA6/3/1-445,68,108,4733
00PVA01,2000,3,PRI,BAF,NA,1103,11,CNA6/3/1-441,76,95,3733
00PVA01,2000,3,PRI,BAF,NA,1104,11,CNA6/3/1-422,76,100,3792
00PVA01,2000,3,PRI,BAF,NA,1105,11,CNA6/3/1-423,68,105,1458
00PVA01,2000,3,PRI,BAF,NA,1106,11,CNA6/3/1-447,84,115,2592
00PVA01,2000,3,PRI,BAF,NA,1107,11,CNA6/3/1-426,65,104,2150
00PVA01,2000,3,PRI,BAF,NA,1108,11,CNA6/3/1-429,76,100,3458
00PVA01,2000,3,PRI,BAF,NA,1109,11,CNA6/3/1-446,66,109,1975
00PVA01,2000,3,PRI,BAF,NA,1110,11,Carajas,76,96,3958
00PVA01,2000,3,PRI,BAF,NA,1111,11,CNA6/3/1-428,72,102,1633
00PVA01,2000,3,PRI,BAF,NA,1112,11,CNA6/3/1-449,95,108,1625
00PVA01,2000,3,PRI,BAF,NA,1113,11,CNA6/3/1-451,91,113,3783
00PVA01,2000,3,PRI,BAF,NA,1114,11,Guarani,75,105,3700
00PVA01,2000,3,PRI,BAF,NA,1115,11,CNA6/3/1-455,79,111,3517
00PVA01,2000,3,PRI,BAF,NA,1116,11,CNA6/3/1-457,68,103,2642
00PVA01,2000,3,PRI,BAF,NA,1117,11,CNA6/3/1-427,66,95,2242
00PVA01,2000,3,PRI,BAF,NA,1119,11,CNA6/3/1-439,66,109,2167
00PVA01,2000,3,PRI,BAF,NA,1120,11,CNA6/3/1-463,86,112,2458
00PVA01,2000,3,PRI,BAF,NA,1121,11,CNA6/3/1-438,68,113,2617
00PVA01,2000,3,PRI,BAF,NA,1122,11,BRS_Primavera,80,105,1550
00PVA01,2000,3,PRI,BAF,NA,1123,11,CNA6/3/1-424,93,86,1642
00PVA01,2000,3,PRI,BAF,NA,1124,11,CNA6/3/1-431,76,109,2725
0324ACNAF3,2003,4,SAG,BAF,NA,101,1,BRS_Bonanca,89,83,2514
0324ACNAF3,2003,4,SAG,BAF,NA,102,1,CNA6/4/1-39,87,109,2057
0324ACNAF3,2003,4,SAG,BAF,NA,103,1,CNA6/4/1-3,84,111,2000
0324ACNAF3,2003,4,SAG,BAF,NA,104,1,CNA6/4/1-80,84,115,1464
0324ACNAF3,2003,4,SAG,BAF,NA,105,1,CNA6/4/1-92,92,106,1457
0324ACNAF3,2003,4,SAG,BAF,NA,106,1,Guarani,81,110,2850
0324ACNAF3,2003,4,SAG,BAF,NA,107,1,CNA6/4/1-47,91,109,1343
0324ACNAF3,2003,4,SAG,BAF,NA,108,1,CNA6/4/1-44,87,118,1986
0324ACNAF3,2003,4,SAG,BAF,NA,109,1,CNA6/4/1-13,91,109,1736
0324ACNAF3,2003,4,SAG,BAF,NA,110,1,CNA6/4/1-48,86,111,1907
0324ACNAF3,2003,4,SAG,BAF,NA,111,1,CNA6/4/1-7,85,110,1843
0324ACNAF3,2003,4,SAG,BAF,NA,112,1,Carajas,81,106,2093
0324ACNAF3,2003,4,SAG,BAF,NA,113,1,CNA6/4/1-68,91,115,879
0324ACNAF3,2003,4,SAG,BAF,NA,114,1,CNA6/4/1-24,87,103,2014
0324ACNAF3,2003,4,SAG,BAF,NA,115,1,CNA6/4/1-4,91,102,1164
0324ACNAF3,2003,4,SAG,BAF,NA,116,1,CNA6/4/1-88,84,110,1207
0324ACNAF3,2003,4,SAG,BAF,NA,117,1,CNA6/4/1-16,84,104,2629
0324ACNAF3,2003,4,SAG,BAF,NA,118,1,CNA6/4/1-12,79,107,1507
0324ACNAF3,2003,4,SAG,BAF,NA,119,1,CNA6/4/1-1,89,122,1964
0324ACNAF3,2003,4,SAG,BAF,NA,120,1,CNA6/4/1-40,91,116,1086
0324ACNAF3,2003,4,SAG,BAF,NA,121,1,CNA6/4/1-20,85,127,1321
0324ACNAF3,2003,4,SAG,BAF,NA,122,1,BRS_Primavera,79,114,2957
0324ACNAF3,2003,4,SAG,BAF,NA,201,2,CNA6/4/1-8,86,108,1879
0324ACNAF3,2003,4,SAG,BAF,NA,202,2,CNA6/4/1-73,93,100,1979
0324ACNAF3,2003,4,SAG,BAF,NA,203,2,CNA6/4/1-86,92,102,1907
0324ACNAF3,2003,4,SAG,BAF,NA,204,2,CNA6/4/1-84,87,96,1086
0324ACNAF3,2003,4,SAG,BAF,NA,205,2,BRS_Primavera,81,103,2964
0324ACNAF3,2003,4,SAG,BAF,NA,206,2,CNA6/4/1-53,84,93,1700
0324ACNAF3,2003,4,SAG,BAF,NA,207,2,CNA6/4/1-58,92,104,2150
0324ACNAF3,2003,4,SAG,BAF,NA,208,2,CNA6/4/1-81,82,90,1300
0324ACNAF3,2003,4,SAG,BAF,NA,209,2,CNA6/4/1-91,93,99,1564
0324ACNAF3,2003,4,SAG,BAF,NA,210,2,CNA6/4/1-59,91,103,1593
0324ACNAF3,2003,4,SAG,BAF,NA,211,2,CNA6/4/1-23,83,98,2043
0324ACNAF3,2003,4,SAG,BAF,NA,212,2,CNA6/4/1-31,91,115,1164
0324ACNAF3,2003,4,SAG,BAF,NA,213,2,CNA6/4/1-2,84,107,1607
0324ACNAF3,2003,4,SAG,BAF,NA,214,2,Guarani,81,117,2864
0324ACNAF3,2003,4,SAG,BAF,NA,215,2,CNA6/4/1-26,83,110,1721
0324ACNAF3,2003,4,SAG,BAF,NA,216,2,CNA6/4/1-35,85,104,1707
0324ACNAF3,2003,4,SAG,BAF,NA,217,2,BRS_Bonanca,89,80,3400
0324ACNAF3,2003,4,SAG,BAF,NA,218,2,CNA6/4/1-38,93,96,1457
0324ACNAF3,2003,4,SAG,BAF,NA,219,2,CNA6/4/1-46,93,110,2321
0324ACNAF3,2003,4,SAG,BAF,NA,220,2,CNA6/4/1-67,93,106,2286
0324ACNAF3,2003,4,SAG,BAF,NA,221,2,CNA6/4/1-11,87,103,2143
0324ACNAF3,2003,4,SAG,BAF,NA,222,2,Carajas,85,94,2357
0324ACNAF3,2003,4,SAG,BAF,NA,301,3,CNA6/4/1-78,91,97,1714
0324ACNAF3,2003,4,SAG,BAF,NA,302,3,CNA6/4/1-17,87,100,3050
0324ACNAF3,2003,4,SAG,BAF,NA,303,3,CNA6/4/1-14,86,100,2443
0324ACNAF3,2003,4,SAG,BAF,NA,304,3,CNA6/4/1-33,85,104,2614
0324ACNAF3,2003,4,SAG,BAF,NA,305,3,CNA6/4/1-62,93,97,1214
0324ACNAF3,2003,4,SAG,BAF,NA,306,3,CNA6/4/1-30,84,89,1821
0324ACNAF3,2003,4,SAG,BAF,NA,307,3,BRS_Primavera,80,100,4114
0324ACNAF3,2003,4,SAG,BAF,NA,308,3,CNA6/4/1-5,82,101,2300
0324ACNAF3,2003,4,SAG,BAF,NA,309,3,CNA6/4/1-42,79,102,1843
0324ACNAF3,2003,4,SAG,BAF,NA,310,3,Carajas,84,106,3386
0324ACNAF3,2003,4,SAG,BAF,NA,311,3,CNA6/4/1-18,84,113,2593
0324ACNAF3,2003,4,SAG,BAF,NA,312,3,CNA6/4/1-66,86,106,1871
0324ACNAF3,2003,4,SAG,BAF,NA,313,3,Guarani,79,107,2886
0324ACNAF3,2003,4,SAG,BAF,NA,314,3,CNA6/4/1-37,87,97,2679
0324ACNAF3,2003,4,SAG,BAF,NA,315,3,BRS_Bonanca,87,94,3093
0324ACNAF3,2003,4,SAG,BAF,NA,316,3,CNA6/4/1-29,91,110,1807
0324ACNAF3,2003,4,SAG,BAF,NA,317,3,CNA6/4/1-27,80,94,2357
0324ACNAF3,2003,4,SAG,BAF,NA,318,3,CNA6/4/1-72,92,93,1250
0324ACNAF3,2003,4,SAG,BAF,NA,319,3,CNA6/4/1-69,91,94,1657
0324ACNAF3,2003,4,SAG,BAF,NA,320,3,CNA6/4/1-32,84,103,1985
0324ACNAF3,2003,4,SAG,BAF,NA,321,3,CNA6/4/1-83,92,107,1779
0324ACNAF3,2003,4,SAG,BAF,NA,322,3,CNA6/4/1-45,93,107,1379
0324ACNAF3,2003,4,SAG,BAF,NA,401,4,BRS_Primavera,81,115,2879
0324ACNAF3,2003,4,SAG,BAF,NA,402,4,CNA6/4/1-89,84,107,1157
0324ACNAF3,2003,4,SAG,BAF,NA,403,4,CNA6/4/1-75,87,106,2314
0324ACNAF3,2003,4,SAG,BAF,NA,404,4,CNA6/4/1-90,87,100,1443
0324ACNAF3,2003,4,SAG,BAF,NA,405,4,CNA6/4/1-71,87,110,2093
0324ACNAF3,2003,4,SAG,BAF,NA,406,4,CNA6/4/1-34,92,98,1457
0324ACNAF3,2003,4,SAG,BAF,NA,407,4,CNA6/4/1-15,92,105,1043
0324ACNAF3,2003,4,SAG,BAF,NA,408,4,CNA6/4/1-19,85,90,1221
0324ACNAF3,2003,4,SAG,BAF,NA,409,4,CNA6/4/1-82,84,95,1893
0324ACNAF3,2003,4,SAG,BAF,NA,410,4,CNA6/4/1-87,91,102,2500
0324ACNAF3,2003,4,SAG,BAF,NA,411,4,CNA6/4/1-57,93,105,829
0324ACNAF3,2003,4,SAG,BAF,NA,412,4,Carajas,86,96,2957
0324ACNAF3,2003,4,SAG,BAF,NA,413,4,CNA6/4/1-6,85,110,1736
0324ACNAF3,2003,4,SAG,BAF,NA,414,4,CNA6/4/1-21,84,108,1864
0324ACNAF3,2003,4,SAG,BAF,NA,415,4,Guarani,84,112,3100
0324ACNAF3,2003,4,SAG,BAF,NA,416,4,CNA6/4/1-43,86,104,1771
0324ACNAF3,2003,4,SAG,BAF,NA,417,4,CNA6/4/1-51,86,97,1886
0324ACNAF3,2003,4,SAG,BAF,NA,418,4,CNA6/4/1-60,91,104,2007
0324ACNAF3,2003,4,SAG,BAF,NA,419,4,CNA6/4/1-70,93,102,1650
0324ACNAF3,2003,4,SAG,BAF,NA,420,4,CNA6/4/1-54,93,96,1764
0324ACNAF3,2003,4,SAG,BAF,NA,421,4,BRS_Bonanca,91,94,3236
0324ACNAF3,2003,4,SAG,BAF,NA,422,4,CNA6/4/1-77,91,88,2264
0324ACNAF3,2003,4,SAG,BAF,NA,501,5,CNA6/4/1-55,91,105,2007
0324ACNAF3,2003,4,SAG,BAF,NA,502,5,CNA6/4/1-25,84,112,2336
0324ACNAF3,2003,4,SAG,BAF,NA,503,5,CNA6/4/1-61,91,98,1964
0324ACNAF3,2003,4,SAG,BAF,NA,504,5,Guarani,84,111,NA
0324ACNAF3,2003,4,SAG,BAF,NA,505,5,CNA6/4/1-85,89,112,3043
0324ACNAF3,2003,4,SAG,BAF,NA,506,5,CNA6/4/1-9,86,107,1986
0324ACNAF3,2003,4,SAG,BAF,NA,507,5,CNA6/4/1-76,88,107,2057
0324ACNAF3,2003,4,SAG,BAF,NA,508,5,CNA6/4/1-49,87,98,1950
0324ACNAF3,2003,4,SAG,BAF,NA,509,5,CNA6/4/1-36,86,94,2293
0324ACNAF3,2003,4,SAG,BAF,NA,510,5,CNA6/4/1-52,84,102,1314
0324ACNAF3,2003,4,SAG,BAF,NA,511,5,BRS_Bonanca,86,93,3450
0324ACNAF3,2003,4,SAG,BAF,NA,512,5,CNA6/4/1-56,92,98,850
0324ACNAF3,2003,4,SAG,BAF,NA,513,5,CNA6/4/1-10,82,107,1464
0324ACNAF3,2003,4,SAG,BAF,NA,514,5,CNA6/4/1-41,93,91,1179
0324ACNAF3,2003,4,SAG,BAF,NA,515,5,CNA6/4/1-28,84,97,2557
0324ACNAF3,2003,4,SAG,BAF,NA,516,5,BRS_Primavera,83,93,NA
0324ACNAF3,2003,4,SAG,BAF,NA,517,5,CNA6/4/1-64,91,101,743
0324ACNAF3,2003,4,SAG,BAF,NA,518,5,CNA6/4/1-50,93,100,964
0324ACNAF3,2003,4,SAG,BAF,NA,519,5,CNA6/4/1-65,91,109,2414
0324ACNAF3,2003,4,SAG,BAF,NA,520,5,CNA6/4/1-63,86,93,1400
0324ACNAF3,2003,4,SAG,BAF,NA,521,5,CNA6/4/1-74,91,107,1986
0324ACNAF3,2003,4,SAG,BAF,NA,522,5,Carajas,84,100,3279
0324ACNAF3,2003,4,SAG,BAF,NA,523,5,CNA6/4/1-22,84,117,3493
0324ACNAF3,2003,4,SAG,BAF,NA,524,5,CNA6/4/1-79,93,103,1864
0324ACNAF4,2003,4,GOI,BAF,NA,101,1,CNA6/4/1-74,91,126,2221
0324ACNAF4,2003,4,GOI,BAF,NA,102,1,CNA6/4/1-84,91,102,1733
0324ACNAF4,2003,4,GOI,BAF,NA,103,1,CNA6/4/1-86,88,105,2242
0324ACNAF4,2003,4,GOI,BAF,NA,104,1,CNA6/4/1-26,79,103,1546
0324ACNAF4,2003,4,GOI,BAF,NA,105,1,Guarani,79,134,3658
0324ACNAF4,2003,4,GOI,BAF,NA,106,1,CNA6/4/1-2,81,93,1154
0324ACNAF4,2003,4,GOI,BAF,NA,107,1,Carajas,80,96,2271
0324ACNAF4,2003,4,GOI,BAF,NA,108,1,CNA6/4/1-37,88,91,2754
0324ACNAF4,2003,4,GOI,BAF,NA,109,1,CNA6/4/1-11,80,94,2375
0324ACNAF4,2003,4,GOI,BAF,NA,110,1,CNA6/4/1-3,80,93,2213
0324ACNAF4,2003,4,GOI,BAF,NA,111,1,CNA6/4/1-48,81,115,1396
0324ACNAF4,2003,4,GOI,BAF,NA,112,1,CNA6/4/1-76,88,109,2213
0324ACNAF4,2003,4,GOI,BAF,NA,113,1,BRS_Primavera,79,115,3538
0324ACNAF4,2003,4,GOI,BAF,NA,114,1,CNA6/4/1-85,86,112,2100
0324ACNAF4,2003,4,GOI,BAF,NA,115,1,CNA6/4/1-72,95,92,1921
0324ACNAF4,2003,4,GOI,BAF,NA,116,1,CNA6/4/1-5,84,113,2358
0324ACNAF4,2003,4,GOI,BAF,NA,117,1,CNA6/4/1-10,80,112,1879
0324ACNAF4,2003,4,GOI,BAF,NA,118,1,CNA6/4/1-8,85,112,1546
0324ACNAF4,2003,4,GOI,BAF,NA,119,1,CNA6/4/1-89,85,108,1508
0324ACNAF4,2003,4,GOI,BAF,NA,120,1,BRS_Bonanca,84,107,3558
0324ACNAF4,2003,4,GOI,BAF,NA,121,1,CNA6/4/1-63,84,118,1558
0324ACNAF4,2003,4,GOI,BAF,NA,122,1,CNA6/4/1-21,84,114,1588
0324ACNAF4,2003,4,GOI,BAF,NA,201,2,CNA6/4/1-73,91,105,1438
0324ACNAF4,2003,4,GOI,BAF,NA,202,2,CNA6/4/1-83,91,98,2208
0324ACNAF4,2003,4,GOI,BAF,NA,203,2,CNA6/4/1-57,91,105,1946
0324ACNAF4,2003,4,GOI,BAF,NA,204,2,CNA6/4/1-4,86,129,1800
0324ACNAF4,2003,4,GOI,BAF,NA,205,2,CNA6/4/1-50,90,127,1904
0324ACNAF4,2003,4,GOI,BAF,NA,206,2,CNA6/4/1-20,81,127,2083
0324ACNAF4,2003,4,GOI,BAF,NA,207,2,BRS_Primavera,79,125,4296
0324ACNAF4,2003,4,GOI,BAF,NA,208,2,CNA6/4/1-9,85,116,1183
0324ACNAF4,2003,4,GOI,BAF,NA,209,2,Guarani,81,134,2846
0324ACNAF4,2003,4,GOI,BAF,NA,210,2,CNA6/4/1-87,88,119,2113
0324ACNAF4,2003,4,GOI,BAF,NA,211,2,CNA6/4/1-17,85,121,2575
0324ACNAF4,2003,4,GOI,BAF,NA,212,2,CNA6/4/1-47,88,121,1733
0324ACNAF4,2003,4,GOI,BAF,NA,213,2,CNA6/4/1-6,83,119,1633
0324ACNAF4,2003,4,GOI,BAF,NA,214,2,CNA6/4/1-42,81,110,2042
0324ACNAF4,2003,4,GOI,BAF,NA,215,2,Carajas,80,106,2996
0324ACNAF4,2003,4,GOI,BAF,NA,216,2,CNA6/4/1-62,91,122,1433
0324ACNAF4,2003,4,GOI,BAF,NA,217,2,BRS_Bonanca,84,103,3067
0324ACNAF4,2003,4,GOI,BAF,NA,218,2,CNA6/4/1-91,91,110,1813
0324ACNAF4,2003,4,GOI,BAF,NA,219,2,CNA6/4/1-64,89,109,1604
0324ACNAF4,2003,4,GOI,BAF,NA,220,2,CNA6/4/1-12,76,100,2333
0324ACNAF4,2003,4,GOI,BAF,NA,221,2,CNA6/4/1-24,85,105,3221
0324ACNAF4,2003,4,GOI,BAF,NA,222,2,CNA6/4/1-19,80,115,2554
0324ACNAF4,2003,4,GOI,BAF,NA,301,3,CNA6/4/1-7,83,112,2754
0324ACNAF4,2003,4,GOI,BAF,NA,302,3,CNA6/4/1-49,91,111,1404
0324ACNAF4,2003,4,GOI,BAF,NA,303,3,BRS_Bonanca,90,94,2846
0324ACNAF4,2003,4,GOI,BAF,NA,304,3,CNA6/4/1-41,94,114,1867
0324ACNAF4,2003,4,GOI,BAF,NA,305,3,CNA6/4/1-38,91,110,1400
0324ACNAF4,2003,4,GOI,BAF,NA,306,3,CNA6/4/1-79,91,108,2983
0324ACNAF4,2003,4,GOI,BAF,NA,307,3,CNA6/4/1-55,83,111,1850
0324ACNAF4,2003,4,GOI,BAF,NA,308,3,Guarani,81,130,2413
0324ACNAF4,2003,4,GOI,BAF,NA,309,3,CNA6/4/1-1,81,114,2038
0324ACNAF4,2003,4,GOI,BAF,NA,310,3,CNA6/4/1-71,83,117,1446
0324ACNAF4,2003,4,GOI,BAF,NA,311,3,CNA6/4/1-70,91,97,1446
0324ACNAF4,2003,4,GOI,BAF,NA,312,3,CNA6/4/1-77,91,104,1333
0324ACNAF4,2003,4,GOI,BAF,NA,313,3,CNA6/4/1-40,91,118,2379
0324ACNAF4,2003,4,GOI,BAF,NA,314,3,CNA6/4/1-43,84,112,1592
0324ACNAF4,2003,4,GOI,BAF,NA,315,3,CNA6/4/1-25,84,111,2396
0324ACNAF4,2003,4,GOI,BAF,NA,316,3,BRS_Primavera,80,112,2425
0324ACNAF4,2003,4,GOI,BAF,NA,317,3,CNA6/4/1-58,93,111,1333
0324ACNAF4,2003,4,GOI,BAF,NA,318,3,CNA6/4/1-33,86,113,1679
0324ACNAF4,2003,4,GOI,BAF,NA,319,3,CNA6/4/1-16,84,117,2304
0324ACNAF4,2003,4,GOI,BAF,NA,320,3,CNA6/4/1-13,91,113,1204
0324ACNAF4,2003,4,GOI,BAF,NA,321,3,CNA6/4/1-31,88,121,1729
0324ACNAF4,2003,4,GOI,BAF,NA,322,3,Carajas,80,114,2263
0324ACNAF4,2003,4,GOI,BAF,NA,401,4,Guarani,79,133,3242
0324ACNAF4,2003,4,GOI,BAF,NA,402,4,CNA6/4/1-46,90,127,2054
0324ACNAF4,2003,4,GOI,BAF,NA,403,4,CNA6/4/1-82,85,125,2446
0324ACNAF4,2003,4,GOI,BAF,NA,404,4,CNA6/4/1-39,85,115,2642
0324ACNAF4,2003,4,GOI,BAF,NA,405,4,CNA6/4/1-78,83,119,1117
0324ACNAF4,2003,4,GOI,BAF,NA,406,4,BRS_Primavera,79,119,3458
0324ACNAF4,2003,4,GOI,BAF,NA,407,4,CNA6/4/1-68,91,124,1433
0324ACNAF4,2003,4,GOI,BAF,NA,408,4,CNA6/4/1-65,90,123,2650
0324ACNAF4,2003,4,GOI,BAF,NA,409,4,CNA6/4/1-30,84,112,1700
0324ACNAF4,2003,4,GOI,BAF,NA,410,4,Carajas,81,113,2458
0324ACNAF4,2003,4,GOI,BAF,NA,411,4,CNA6/4/1-80,81,126,1900
0324ACNAF4,2003,4,GOI,BAF,NA,412,4,CNA6/4/1-81,81,116,2350
0324ACNAF4,2003,4,GOI,BAF,NA,413,4,CNA6/4/1-52,80,108,1958
0324ACNAF4,2003,4,GOI,BAF,NA,414,4,BRS_Bonanca,88,105,3217
0324ACNAF4,2003,4,GOI,BAF,NA,415,4,CNA6/4/1-34,85,114,1504
0324ACNAF4,2003,4,GOI,BAF,NA,416,4,CNA6/4/1-60,91,125,2071
0324ACNAF4,2003,4,GOI,BAF,NA,417,4,CNA6/4/1-14,84,113,1917
0324ACNAF4,2003,4,GOI,BAF,NA,418,4,CNA6/4/1-59,91,121,1750
0324ACNAF4,2003,4,GOI,BAF,NA,419,4,CNA6/4/1-35,91,113,1783
0324ACNAF4,2003,4,GOI,BAF,NA,420,4,CNA6/4/1-45,94,101,1129
0324ACNAF4,2003,4,GOI,BAF,NA,421,4,CNA6/4/1-56,91,115,2008
0324ACNAF4,2003,4,GOI,BAF,NA,422,4,CNA6/4/1-51,85,105,1504
0324ACNAF4,2003,4,GOI,BAF,NA,501,5,CNA6/4/1-54,91,110,2133
0324ACNAF4,2003,4,GOI,BAF,NA,502,5,CNA6/4/1-61,90,112,2292
0324ACNAF4,2003,4,GOI,BAF,NA,503,5,CNA6/4/1-44,85,124,2075
0324ACNAF4,2003,4,GOI,BAF,NA,504,5,BRS_Bonanca,88,108,2738
0324ACNAF4,2003,4,GOI,BAF,NA,505,5,CNA6/4/1-67,90,133,2146
0324ACNAF4,2003,4,GOI,BAF,NA,506,5,CNA6/4/1-88,88,117,2129
0324ACNAF4,2003,4,GOI,BAF,NA,507,5,CNA6/4/1-27,81,113,1525
0324ACNAF4,2003,4,GOI,BAF,NA,508,5,CNA6/4/1-66,88,118,2092
0324ACNAF4,2003,4,GOI,BAF,NA,509,5,CNA6/4/1-90,84,113,2325
0324ACNAF4,2003,4,GOI,BAF,NA,510,5,CNA6/4/1-22,79,111,1696
0324ACNAF4,2003,4,GOI,BAF,NA,511,5,CNA6/4/1-23,80,105,2350
0324ACNAF4,2003,4,GOI,BAF,NA,512,5,CNA6/4/1-28,80,106,2113
0324ACNAF4,2003,4,GOI,BAF,NA,513,5,CNA6/4/1-18,79,117,1592
0324ACNAF4,2003,4,GOI,BAF,NA,514,5,CNA6/4/1-32,82,115,2033
0324ACNAF4,2003,4,GOI,BAF,NA,515,5,CNA6/4/1-92,88,120,1408
0324ACNAF4,2003,4,GOI,BAF,NA,516,5,CNA6/4/1-36,85,109,1588
0324ACNAF4,2003,4,GOI,BAF,NA,517,5,Carajas,79,107,2242
0324ACNAF4,2003,4,GOI,BAF,NA,518,5,CNA6/4/1-53,84,115,1963
0324ACNAF4,2003,4,GOI,BAF,NA,519,5,Guarani,79,119,3004
0324ACNAF4,2003,4,GOI,BAF,NA,520,5,CNA6/4/1-15,91,109,1300
0324ACNAF4,2003,4,GOI,BAF,NA,521,5,CNA6/4/1-75,84,120,2492
0324ACNAF4,2003,4,GOI,BAF,NA,522,5,CNA6/4/1-29,88,127,1850
0324ACNAF4,2003,4,GOI,BAF,NA,523,5,CNA6/4/1-69,90,119,2163
0324ACNAF4,2003,4,GOI,BAF,NA,524,5,BRS_Primavera,82,109,3142
0324CPMT2,2003,4,SIN,BAF,NA,101,1,CNA6/4/1-12,65,104,1920
0324CPMT2,2003,4,SIN,BAF,NA,102,1,CNA6/4/1-75,70,103,2480
0324CPMT2,2003,4,SIN,BAF,NA,103,1,CNA6/4/1-77,77,98,2720
0324CPMT2,2003,4,SIN,BAF,NA,104,1,CNA6/4/1-18,67,108,2200
0324CPMT2,2003,4,SIN,BAF,NA,105,1,Carajas,69,99,3240
0324CPMT2,2003,4,SIN,BAF,NA,106,1,CNA6/4/1-7,70,103,2840
0324CPMT2,2003,4,SIN,BAF,NA,107,1,CNA6/4/1-80,67,102,2520
0324CPMT2,2003,4,SIN,BAF,NA,108,1,CNA6/4/1-92,77,115,2280
0324CPMT2,2003,4,SIN,BAF,NA,109,1,CNA6/4/1-28,66,101,3040
0324CPMT2,2003,4,SIN,BAF,NA,110,1,CNA6/4/1-70,78,102,2440
0324CPMT2,2003,4,SIN,BAF,NA,111,1,BRS_Primavera,69,114,4000
0324CPMT2,2003,4,SIN,BAF,NA,112,1,CNA6/4/1-56,79,123,1720
0324CPMT2,2003,4,SIN,BAF,NA,113,1,CNA6/4/1-5,65,104,2640
0324CPMT2,2003,4,SIN,BAF,NA,114,1,CNA6/4/1-65,77,107,2520
0324CPMT2,2003,4,SIN,BAF,NA,115,1,CNA6/4/1-35,77,98,2160
0324CPMT2,2003,4,SIN,BAF,NA,116,1,BRS_Bonanca,76,97,3880
0324CPMT2,2003,4,SIN,BAF,NA,117,1,CNA6/4/1-64,77,114,1960
0324CPMT2,2003,4,SIN,BAF,NA,118,1,CNA6/4/1-50,80,105,2560
0324CPMT2,2003,4,SIN,BAF,NA,119,1,CNA6/4/1-2,66,101,2920
0324CPMT2,2003,4,SIN,BAF,NA,120,1,Guarani,66,107,2960
0324CPMT2,2003,4,SIN,BAF,NA,121,1,CNA6/4/1-57,80,98,1960
0324CPMT2,2003,4,SIN,BAF,NA,122,1,CNA6/4/1-33,73,113,2280
0324CPMT2,2003,4,SIN,BAF,NA,201,2,CNA6/4/1-84,76,105,1800
0324CPMT2,2003,4,SIN,BAF,NA,202,2,CNA6/4/1-40,76,111,1480
0324CPMT2,2003,4,SIN,BAF,NA,203,2,CNA6/4/1-25,70,107,2440
0324CPMT2,2003,4,SIN,BAF,NA,204,2,CNA6/4/1-78,71,108,1960
0324CPMT2,2003,4,SIN,BAF,NA,205,2,Guarani,66,93,2480
0324CPMT2,2003,4,SIN,BAF,NA,206,2,CNA6/4/1-81,66,102,2000
0324CPMT2,2003,4,SIN,BAF,NA,207,2,BRS_Bonanca,77,93,2800
0324CPMT2,2003,4,SIN,BAF,NA,208,2,CNA6/4/1-85,75,110,2320
0324CPMT2,2003,4,SIN,BAF,NA,209,2,BRS_Primavera,69,107,3240
0324CPMT2,2003,4,SIN,BAF,NA,210,2,CNA6/4/1-43,67,106,2000
0324CPMT2,2003,4,SIN,BAF,NA,211,2,CNA6/4/1-79,79,105,2360
0324CPMT2,2003,4,SIN,BAF,NA,212,2,CNA6/4/1-14,75,113,3080
0324CPMT2,2003,4,SIN,BAF,NA,213,2,CNA6/4/1-3,66,124,2800
0324CPMT2,2003,4,SIN,BAF,NA,214,2,CNA6/4/1-67,73,122,2680
0324CPMT2,2003,4,SIN,BAF,NA,215,2,CNA6/4/1-52,65,108,2160
0324CPMT2,2003,4,SIN,BAF,NA,216,2,CNA6/4/1-59,69,114,2800
0324CPMT2,2003,4,SIN,BAF,NA,217,2,CNA6/4/1-83,80,108,2560
0324CPMT2,2003,4,SIN,BAF,NA,218,2,CNA6/4/1-30,66,102,1960
0324CPMT2,2003,4,SIN,BAF,NA,219,2,CNA6/4/1-73,77,104,2360
0324CPMT2,2003,4,SIN,BAF,NA,220,2,CNA6/4/1-15,79,98,1400
0324CPMT2,2003,4,SIN,BAF,NA,221,2,CNA6/4/1-53,71,107,2600
0324CPMT2,2003,4,SIN,BAF,NA,222,2,Carajas,69,98,2600
0324CPMT2,2003,4,SIN,BAF,NA,301,3,CNA6/4/1-20,71,117,2600
0324CPMT2,2003,4,SIN,BAF,NA,302,3,CNA6/4/1-69,77,111,2360
0324CPMT2,2003,4,SIN,BAF,NA,303,3,Guarani,66,119,3460
0324CPMT2,2003,4,SIN,BAF,NA,304,3,CNA6/4/1-10,64,101,1960
0324CPMT2,2003,4,SIN,BAF,NA,305,3,Carajas,68,102,2440
0324CPMT2,2003,4,SIN,BAF,NA,306,3,CNA6/4/1-66,76,110,2320
0324CPMT2,2003,4,SIN,BAF,NA,307,3,CNA6/4/1-74,78,126,2880
0324CPMT2,2003,4,SIN,BAF,NA,308,3,CNA6/4/1-24,70,108,3320
0324CPMT2,2003,4,SIN,BAF,NA,309,3,CNA6/4/1-1,71,112,2120
0324CPMT2,2003,4,SIN,BAF,NA,310,3,CNA6/4/1-76,76,115,2880
0324CPMT2,2003,4,SIN,BAF,NA,311,3,BRS_Primavera,70,113,3120
0324CPMT2,2003,4,SIN,BAF,NA,312,3,CNA6/4/1-89,70,112,2320
0324CPMT2,2003,4,SIN,BAF,NA,313,3,CNA6/4/1-46,78,113,3080
0324CPMT2,2003,4,SIN,BAF,NA,314,3,CNA6/4/1-45,80,105,2320
0324CPMT2,2003,4,SIN,BAF,NA,315,3,CNA6/4/1-42,66,103,1960
0324CPMT2,2003,4,SIN,BAF,NA,316,3,CNA6/4/1-26,65,109,3000
0324CPMT2,2003,4,SIN,BAF,NA,317,3,CNA6/4/1-23,68,101,2800
0324CPMT2,2003,4,SIN,BAF,NA,318,3,CNA6/4/1-4,75,123,3160
0324CPMT2,2003,4,SIN,BAF,NA,319,3,CNA6/4/1-27,67,100,2440
0324CPMT2,2003,4,SIN,BAF,NA,320,3,BRS_Bonanca,77,93,2280
0324CPMT2,2003,4,SIN,BAF,NA,321,3,CNA6/4/1-87,73,108,3200
0324CPMT2,2003,4,SIN,BAF,NA,322,3,CNA6/4/1-11,69,117,3080
0324CPMT2,2003,4,SIN,BAF,NA,401,4,CNA6/4/1-63,71,110,1800
0324CPMT2,2003,4,SIN,BAF,NA,402,4,CNA6/4/1-61,78,114,2480
0324CPMT2,2003,4,SIN,BAF,NA,403,4,CNA6/4/1-88,70,117,2120
0324CPMT2,2003,4,SIN,BAF,NA,404,4,CNA6/4/1-58,75,112,1760
0324CPMT2,2003,4,SIN,BAF,NA,405,4,CNA6/4/1-9,75,110,2760
0324CPMT2,2003,4,SIN,BAF,NA,406,4,CNA6/4/1-71,71,114,2320
0324CPMT2,2003,4,SIN,BAF,NA,407,4,CNA6/4/1-29,75,118,2720
0324CPMT2,2003,4,SIN,BAF,NA,408,4,CNA6/4/1-68,75,121,2360
0324CPMT2,2003,4,SIN,BAF,NA,409,4,CNA6/4/1-34,73,115,2440
0324CPMT2,2003,4,SIN,BAF,NA,410,4,Guarani,67,114,3720
0324CPMT2,2003,4,SIN,BAF,NA,411,4,CNA6/4/1-91,79,115,2760
0324CPMT2,2003,4,SIN,BAF,NA,412,4,CNA6/4/1-37,76,110,3200
0324CPMT2,2003,4,SIN,BAF,NA,413,4,CNA6/4/1-54,79,110,2480
0324CPMT2,2003,4,SIN,BAF,NA,414,4,CNA6/4/1-16,69,111,2240
0324CPMT2,2003,4,SIN,BAF,NA,415,4,Carajas,68,106,3200
0324CPMT2,2003,4,SIN,BAF,NA,416,4,CNA6/4/1-90,71,103,3240
0324CPMT2,2003,4,SIN,BAF,NA,417,4,BRS_Primavera,69,109,2680
0324CPMT2,2003,4,SIN,BAF,NA,418,4,CNA6/4/1-51,71,101,1440
0324CPMT2,2003,4,SIN,BAF,NA,419,4,CNA6/4/1-44,67,115,2080
0324CPMT2,2003,4,SIN,BAF,NA,420,4,CNA6/4/1-21,67,116,1920
0324CPMT2,2003,4,SIN,BAF,NA,421,4,CNA6/4/1-17,69,103,2240
0324CPMT2,2003,4,SIN,BAF,NA,422,4,BRS_Bonanca,77,100,3400
0324CPMT2,2003,4,SIN,BAF,NA,501,5,BRS_Primavera,70,103,2880
0324CPMT2,2003,4,SIN,BAF,NA,502,5,CNA6/4/1-82,71,104,2160
0324CPMT2,2003,4,SIN,BAF,NA,503,5,CNA6/4/1-31,77,112,1920
0324CPMT2,2003,4,SIN,BAF,NA,504,5,CNA6/4/1-86,71,106,2160
0324CPMT2,2003,4,SIN,BAF,NA,505,5,Guarani,65,105,2920
0324CPMT2,2003,4,SIN,BAF,NA,506,5,CNA6/4/1-47,75,109,2920
0324CPMT2,2003,4,SIN,BAF,NA,507,5,CNA6/4/1-38,78,118,1840
0324CPMT2,2003,4,SIN,BAF,NA,508,5,CNA6/4/1-48,66,107,2880
0324CPMT2,2003,4,SIN,BAF,NA,509,5,CNA6/4/1-8,73,111,2120
0324CPMT2,2003,4,SIN,BAF,NA,510,5,CNA6/4/1-19,67,115,3440
0324CPMT2,2003,4,SIN,BAF,NA,511,5,CNA6/4/1-55,73,123,2680
0324CPMT2,2003,4,SIN,BAF,NA,512,5,CNA6/4/1-36,67,111,2400
0324CPMT2,2003,4,SIN,BAF,NA,513,5,CNA6/4/1-6,69,116,2080
0324CPMT2,2003,4,SIN,BAF,NA,514,5,CNA6/4/1-49,75,122,1800
0324CPMT2,2003,4,SIN,BAF,NA,515,5,CNA6/4/1-32,67,122,3200
0324CPMT2,2003,4,SIN,BAF,NA,516,5,CNA6/4/1-41,78,112,2280
0324CPMT2,2003,4,SIN,BAF,NA,517,5,CNA6/4/1-22,65,109,2440
0324CPMT2,2003,4,SIN,BAF,NA,518,5,CNA6/4/1-60,77,105,2000
0324CPMT2,2003,4,SIN,BAF,NA,519,5,CNA6/4/1-72,78,101,3040
0324CPMT2,2003,4,SIN,BAF,NA,520,5,CNA6/4/1-13,77,99,2240
0324CPMT2,2003,4,SIN,BAF,NA,521,5,CNA6/4/1-62,78,112,2480
0324CPMT2,2003,4,SIN,BAF,NA,522,5,BRS_Bonanca,78,92,3800
0324CPMT2,2003,4,SIN,BAF,NA,523,5,CNA6/4/1-39,70,91,3120
0324CPMT2,2003,4,SIN,BAF,NA,524,5,Carajas,69,99,2680
0324UFLA2,2003,4,LAV,BAF,NA,101,1,CNA6/4/1-92,95,105,1515
0324UFLA2,2003,4,LAV,BAF,NA,102,1,CNA6/4/1-58,92,101,2238
0324UFLA2,2003,4,LAV,BAF,NA,103,1,CNA6/4/1-73,95,109,2266
0324UFLA2,2003,4,LAV,BAF,NA,104,1,CNA6/4/1-38,97,113,876
0324UFLA2,2003,4,LAV,BAF,NA,105,1,CNA6/4/1-44,87,118,792
0324UFLA2,2003,4,LAV,BAF,NA,106,1,BRS_Primavera,88,102,1418
0324UFLA2,2003,4,LAV,BAF,NA,107,1,CNA6/4/1-34,97,107,1682
0324UFLA2,2003,4,LAV,BAF,NA,108,1,CNA6/4/1-39,83,108,4614
0324UFLA2,2003,4,LAV,BAF,NA,109,1,Guarani,80,113,4782
0324UFLA2,2003,4,LAV,BAF,NA,110,1,CNA6/4/1-16,88,94,2419
0324UFLA2,2003,4,LAV,BAF,NA,111,1,CNA6/4/1-42,90,88,1918
0324UFLA2,2003,4,LAV,BAF,NA,112,1,CNA6/4/1-87,90,87,3308
0324UFLA2,2003,4,LAV,BAF,NA,113,1,CNA6/4/1-84,97,98,1807
0324UFLA2,2003,4,LAV,BAF,NA,114,1,CNA6/4/1-3,88,103,2558
0324UFLA2,2003,4,LAV,BAF,NA,115,1,CNA6/4/1-1,90,99,1863
0324UFLA2,2003,4,LAV,BAF,NA,116,1,CNA6/4/1-47,92,94,695
0324UFLA2,2003,4,LAV,BAF,NA,117,1,CNA6/4/1-72,101,98,3711
0324UFLA2,2003,4,LAV,BAF,NA,118,1,CNA6/4/1-35,97,98,2196
0324UFLA2,2003,4,LAV,BAF,NA,119,1,CNA6/4/1-57,102,91,2002
0324UFLA2,2003,4,LAV,BAF,NA,120,1,BRS_Bonanca,101,70,1460
0324UFLA2,2003,4,LAV,BAF,NA,121,1,CNA6/4/1-8,97,83,1128
0324UFLA2,2003,4,LAV,BAF,NA,122,1,Carajas,89,75,1321
0324UFLA2,2003,4,LAV,BAF,NA,201,2,CNA6/4/1-27,80,67,1195
0324UFLA2,2003,4,LAV,BAF,NA,202,2,Carajas,83,80,1571
0324UFLA2,2003,4,LAV,BAF,NA,203,2,CNA6/4/1-17,92,90,904
0324UFLA2,2003,4,LAV,BAF,NA,204,2,CNA6/4/1-89,97,85,1321
0324UFLA2,2003,4,LAV,BAF,NA,205,2,CNA6/4/1-4,97,98,1515
0324UFLA2,2003,4,LAV,BAF,NA,206,2,BRS_Primavera,92,95,1168
0324UFLA2,2003,4,LAV,BAF,NA,207,2,CNA6/4/1-50,100,92,1251
0324UFLA2,2003,4,LAV,BAF,NA,208,2,CNA6/4/1-53,97,90,2558
0324UFLA2,2003,4,LAV,BAF,NA,209,2,CNA6/4/1-5,83,89,2071
0324UFLA2,2003,4,LAV,BAF,NA,210,2,BRS_Bonanca,97,75,1154
0324UFLA2,2003,4,LAV,BAF,NA,211,2,CNA6/4/1-60,97,96,1946
0324UFLA2,2003,4,LAV,BAF,NA,212,2,CNA6/4/1-45,104,86,1126
0324UFLA2,2003,4,LAV,BAF,NA,213,2,CNA6/4/1-19,97,95,806
0324UFLA2,2003,4,LAV,BAF,NA,214,2,CNA6/4/1-31,90,99,2002
0324UFLA2,2003,4,LAV,BAF,NA,215,2,CNA6/4/1-25,88,88,1209
0324UFLA2,2003,4,LAV,BAF,NA,216,2,Guarani,88,106,4281
0324UFLA2,2003,4,LAV,BAF,NA,217,2,CNA6/4/1-62,97,96,1974
0324UFLA2,2003,4,LAV,BAF,NA,218,2,CNA6/4/1-69,97,87,1765
0324UFLA2,2003,4,LAV,BAF,NA,219,2,CNA6/4/1-71,95,94,2071
0324UFLA2,2003,4,LAV,BAF,NA,220,2,CNA6/4/1-46,97,97,2002
0324UFLA2,2003,4,LAV,BAF,NA,221,2,CNA6/4/1-61,104,88,1988
0324UFLA2,2003,4,LAV,BAF,NA,222,2,CNA6/4/1-28,83,82,751
0324UFLA2,2003,4,LAV,BAF,NA,301,3,CNA6/4/1-66,104,91,709
0324UFLA2,2003,4,LAV,BAF,NA,302,3,CNA6/4/1-23,90,91,1585
0324UFLA2,2003,4,LAV,BAF,NA,303,3,Carajas,83,81,4017
0324UFLA2,2003,4,LAV,BAF,NA,304,3,CNA6/4/1-10,83,93,3086
0324UFLA2,2003,4,LAV,BAF,NA,305,3,CNA6/4/1-91,104,83,2460
0324UFLA2,2003,4,LAV,BAF,NA,306,3,CNA6/4/1-41,97,88,1793
0324UFLA2,2003,4,LAV,BAF,NA,307,3,CNA6/4/1-22,90,88,222
0324UFLA2,2003,4,LAV,BAF,NA,308,3,CNA6/4/1-20,90,102,1960
0324UFLA2,2003,4,LAV,BAF,NA,309,3,CNA6/4/1-6,92,107,2085
0324UFLA2,2003,4,LAV,BAF,NA,310,3,BRS_Primavera,88,103,1084
0324UFLA2,2003,4,LAV,BAF,NA,311,3,CNA6/4/1-21,90,101,834
0324UFLA2,2003,4,LAV,BAF,NA,312,3,CNA6/4/1-55,92,98,1029
0324UFLA2,2003,4,LAV,BAF,NA,313,3,CNA6/4/1-90,97,90,1376
0324UFLA2,2003,4,LAV,BAF,NA,314,3,CNA6/4/1-14,97,93,2669
0324UFLA2,2003,4,LAV,BAF,NA,315,3,CNA6/4/1-56,97,111,1404
0324UFLA2,2003,4,LAV,BAF,NA,316,3,Guarani,80,108,4101
0324UFLA2,2003,4,LAV,BAF,NA,317,3,CNA6/4/1-52,90,92,1890
0324UFLA2,2003,4,LAV,BAF,NA,318,3,CNA6/4/1-36,87,98,2891
0324UFLA2,2003,4,LAV,BAF,NA,319,3,BRS_Bonanca,92,74,624
0324UFLA2,2003,4,LAV,BAF,NA,320,3,CNA6/4/1-65,97,100,2697
0324UFLA2,2003,4,LAV,BAF,NA,321,3,CNA6/4/1-70,97,94,1710
0324UFLA2,2003,4,LAV,BAF,NA,322,3,CNA6/4/1-83,97,93,1863
0324UFLA2,2003,4,LAV,BAF,NA,401,4,CNA6/4/1-86,90,98,3183
0324UFLA2,2003,4,LAV,BAF,NA,402,4,CNA6/4/1-37,95,92,2836
0324UFLA2,2003,4,LAV,BAF,NA,403,4,Carajas,83,89,3694
0324UFLA2,2003,4,LAV,BAF,NA,404,4,CNA6/4/1-9,97,106,1195
0324UFLA2,2003,4,LAV,BAF,NA,405,4,CNA6/4/1-64,101,111,1543
0324UFLA2,2003,4,LAV,BAF,NA,406,4,CNA6/4/1-82,88,102,2738
0324UFLA2,2003,4,LAV,BAF,NA,407,4,CNA6/4/1-11,90,100,2989
0324UFLA2,2003,4,LAV,BAF,NA,408,4,CNA6/4/1-32,83,103,723
0324UFLA2,2003,4,LAV,BAF,NA,409,4,CNA6/4/1-40,104,98,987
0324UFLA2,2003,4,LAV,BAF,NA,410,4,CNA6/4/1-48,83,94,1543
0324UFLA2,2003,4,LAV,BAF,NA,411,4,CNA6/4/1-76,90,99,2516
0324UFLA2,2003,4,LAV,BAF,NA,412,4,Guarani,80,111,5588
0324UFLA2,2003,4,LAV,BAF,NA,413,4,CNA6/4/1-54,97,93,1321
0324UFLA2,2003,4,LAV,BAF,NA,414,4,CNA6/4/1-2,76,95,2794
0324UFLA2,2003,4,LAV,BAF,NA,415,4,BRS_Primavera,88,92,1432
0324UFLA2,2003,4,LAV,BAF,NA,416,4,CNA6/4/1-49,95,103,1418
0324UFLA2,2003,4,LAV,BAF,NA,417,4,CNA6/4/1-68,94,107,1654
0324UFLA2,2003,4,LAV,BAF,NA,418,4,CNA6/4/1-26,88,97,2252
0324UFLA2,2003,4,LAV,BAF,NA,419,4,BRS_Bonanca,90,72,626
0324UFLA2,2003,4,LAV,BAF,NA,420,4,CNA6/4/1-85,95,107,1279
0324UFLA2,2003,4,LAV,BAF,NA,421,4,CNA6/4/1-74,97,107,1807
0324UFLA2,2003,4,LAV,BAF,NA,422,4,CNA6/4/1-13,92,106,1418
0324UFLA2,2003,4,LAV,BAF,NA,501,5,BRS_Bonanca,90,66,959
0324UFLA2,2003,4,LAV,BAF,NA,502,5,CNA6/4/1-18,90,92,1682
0324UFLA2,2003,4,LAV,BAF,NA,503,5,CNA6/4/1-33,90,104,904
0324UFLA2,2003,4,LAV,BAF,NA,504,5,CNA6/4/1-67,101,96,NA
0324UFLA2,2003,4,LAV,BAF,NA,505,5,CNA6/4/1-80,88,82,820
0324UFLA2,2003,4,LAV,BAF,NA,506,5,CNA6/4/1-78,92,98,2530
0324UFLA2,2003,4,LAV,BAF,NA,507,5,CNA6/4/1-24,92,86,2419
0324UFLA2,2003,4,LAV,BAF,NA,508,5,CNA6/4/1-81,88,92,2127
0324UFLA2,2003,4,LAV,BAF,NA,509,5,CNA6/4/1-75,90,98,1529
0324UFLA2,2003,4,LAV,BAF,NA,510,5,CNA6/4/1-88,97,99,1529
0324UFLA2,2003,4,LAV,BAF,NA,511,5,CNA6/4/1-51,87,96,2099
0324UFLA2,2003,4,LAV,BAF,NA,512,5,BRS_Primavera,88,95,876
0324UFLA2,2003,4,LAV,BAF,NA,513,5,CNA6/4/1-63,88,89,2196
0324UFLA2,2003,4,LAV,BAF,NA,514,5,CNA6/4/1-12,80,93,2585
0324UFLA2,2003,4,LAV,BAF,NA,515,5,CNA6/4/1-59,92,107,2127
0324UFLA2,2003,4,LAV,BAF,NA,516,5,CNA6/4/1-79,97,106,1293
0324UFLA2,2003,4,LAV,BAF,NA,517,5,CNA6/4/1-7,97,90,1988
0324UFLA2,2003,4,LAV,BAF,NA,518,5,CNA6/4/1-77,97,93,1362
0324UFLA2,2003,4,LAV,BAF,NA,519,5,Carajas,83,92,3225
0324UFLA2,2003,4,LAV,BAF,NA,520,5,CNA6/4/1-29,95,108,1585
0324UFLA2,2003,4,LAV,BAF,NA,521,5,CNA6/4/1-15,97,88,1501
0324UFLA2,2003,4,LAV,BAF,NA,522,5,Guarani,100,100,4754
0324UFLA2,2003,4,LAV,BAF,NA,523,5,CNA6/4/1-30,90,74,1404
0324UFLA2,2003,4,LAV,BAF,NA,524,5,CNA6/4/1-43,83,99,2460
0324CPMN1,2003,4,TER,BAF,NA,101,1,CNA6/4/1-26,NA,NA,NA
0324CPMN1,2003,4,TER,BAF,NA,102,1,CNA6/4/1-8,NA,NA,NA
0324CPMN1,2003,4,TER,BAF,NA,103,1,CNA6/4/1-18,NA,NA,NA
0324CPMN1,2003,4,TER,BAF,NA,104,1,Guarani,NA,NA,NA
0324CPMN1,2003,4,TER,BAF,NA,105,1,CNA6/4/1-5,NA,NA,NA
0324CPMN1,2003,4,TER,BAF,NA,106,1,CNA6/4/1-83,NA,NA,NA
0324CPMN1,2003,4,TER,BAF,NA,107,1,BRS_Bonanca,NA,NA,NA
0324CPMN1,2003,4,TER,BAF,NA,108,1,CNA6/4/1-68,NA,NA,NA
0324CPMN1,2003,4,TER,BAF,NA,109,1,CNA6/4/1-49,NA,NA,NA
0324CPMN1,2003,4,TER,BAF,NA,110,1,Carajas,NA,NA,NA
0324CPMN1,2003,4,TER,BAF,NA,111,1,CNA6/4/1-41,NA,NA,NA
0324CPMN1,2003,4,TER,BAF,NA,112,1,CNA6/4/1-24,NA,NA,NA
0324CPMN1,2003,4,TER,BAF,NA,113,1,CNA6/4/1-46,NA,NA,NA
0324CPMN1,2003,4,TER,BAF,NA,114,1,CNA6/4/1-63,NA,NA,NA
0324CPMN1,2003,4,TER,BAF,NA,115,1,CNA6/4/1-17,NA,NA,NA
0324CPMN1,2003,4,TER,BAF,NA,116,1,CNA6/4/1-82,NA,NA,NA
0324CPMN1,2003,4,TER,BAF,NA,117,1,CNA6/4/1-71,NA,NA,NA
0324CPMN1,2003,4,TER,BAF,NA,118,1,CNA6/4/1-4,NA,NA,NA
0324CPMN1,2003,4,TER,BAF,NA,119,1,CNA6/4/1-78,NA,NA,NA
0324CPMN1,2003,4,TER,BAF,NA,120,1,CNA6/4/1-33,NA,NA,NA
0324CPMN1,2003,4,TER,BAF,NA,121,1,CNA6/4/1-27,NA,NA,NA
0324CPMN1,2003,4,TER,BAF,NA,122,1,BRS_Primavera,NA,NA,NA
0324CPMN1,2003,4,TER,BAF,NA,201,2,CNA6/4/1-32,NA,NA,NA
0324CPMN1,2003,4,TER,BAF,NA,202,2,CNA6/4/1-52,NA,NA,NA
0324CPMN1,2003,4,TER,BAF,NA,203,2,Guarani,NA,NA,NA
0324CPMN1,2003,4,TER,BAF,NA,204,2,CNA6/4/1-65,NA,NA,NA
0324CPMN1,2003,4,TER,BAF,NA,205,2,CNA6/4/1-90,NA,NA,NA
0324CPMN1,2003,4,TER,BAF,NA,206,2,CNA6/4/1-21,NA,NA,NA
0324CPMN1,2003,4,TER,BAF,NA,207,2,CNA6/4/1-28,NA,NA,NA
0324CPMN1,2003,4,TER,BAF,NA,208,2,CNA6/4/1-14,NA,NA,NA
0324CPMN1,2003,4,TER,BAF,NA,209,2,CNA6/4/1-30,NA,NA,NA
0324CPMN1,2003,4,TER,BAF,NA,210,2,CNA6/4/1-57,NA,NA,NA
0324CPMN1,2003,4,TER,BAF,NA,211,2,BRS_Primavera,NA,NA,NA
0324CPMN1,2003,4,TER,BAF,NA,212,2,CNA6/4/1-60,NA,NA,NA
0324CPMN1,2003,4,TER,BAF,NA,213,2,CNA6/4/1-25,NA,NA,NA
0324CPMN1,2003,4,TER,BAF,NA,214,2,BRS_Bonanca,NA,NA,NA
0324CPMN1,2003,4,TER,BAF,NA,215,2,CNA6/4/1-76,NA,NA,NA
0324CPMN1,2003,4,TER,BAF,NA,216,2,CNA6/4/1-56,NA,NA,NA
0324CPMN1,2003,4,TER,BAF,NA,217,2,CNA6/4/1-13,NA,NA,NA
0324CPMN1,2003,4,TER,BAF,NA,218,2,CNA6/4/1-43,NA,NA,NA
0324CPMN1,2003,4,TER,BAF,NA,219,2,CNA6/4/1-70,NA,NA,NA
0324CPMN1,2003,4,TER,BAF,NA,220,2,CNA6/4/1-88,NA,NA,NA
0324CPMN1,2003,4,TER,BAF,NA,221,2,Carajas,NA,NA,NA
0324CPMN1,2003,4,TER,BAF,NA,222,2,CNA6/4/1-69,NA,NA,NA
0324CPMN1,2003,4,TER,BAF,NA,301,3,CNA6/4/1-51,NA,NA,NA
0324CPMN1,2003,4,TER,BAF,NA,302,3,CNA6/4/1-75,NA,NA,NA
0324CPMN1,2003,4,TER,BAF,NA,303,3,CNA6/4/1-29,NA,NA,NA
0324CPMN1,2003,4,TER,BAF,NA,304,3,CNA6/4/1-61,NA,NA,NA
0324CPMN1,2003,4,TER,BAF,NA,305,3,CNA6/4/1-50,NA,NA,NA
0324CPMN1,2003,4,TER,BAF,NA,306,3,CNA6/4/1-6,NA,NA,NA
0324CPMN1,2003,4,TER,BAF,NA,307,3,CNA6/4/1-79,NA,NA,NA
0324CPMN1,2003,4,TER,BAF,NA,308,3,CNA6/4/1-80,NA,NA,NA
0324CPMN1,2003,4,TER,BAF,NA,309,3,CNA6/4/1-59,NA,NA,NA
0324CPMN1,2003,4,TER,BAF,NA,310,3,Guarani,NA,NA,NA
0324CPMN1,2003,4,TER,BAF,NA,311,3,CNA6/4/1-54,NA,NA,NA
0324CPMN1,2003,4,TER,BAF,NA,312,3,Carajas,NA,NA,NA
0324CPMN1,2003,4,TER,BAF,NA,313,3,CNA6/4/1-86,NA,NA,NA
0324CPMN1,2003,4,TER,BAF,NA,314,3,CNA6/4/1-62,NA,NA,NA
0324CPMN1,2003,4,TER,BAF,NA,315,3,CNA6/4/1-67,NA,NA,NA
0324CPMN1,2003,4,TER,BAF,NA,316,3,BRS_Primavera,NA,NA,NA
0324CPMN1,2003,4,TER,BAF,NA,317,3,CNA6/4/1-55,NA,NA,NA
0324CPMN1,2003,4,TER,BAF,NA,318,3,BRS_Bonanca,NA,NA,NA
0324CPMN1,2003,4,TER,BAF,NA,319,3,CNA6/4/1-40,NA,NA,NA
0324CPMN1,2003,4,TER,BAF,NA,320,3,CNA6/4/1-85,NA,NA,NA
0324CPMN1,2003,4,TER,BAF,NA,321,3,CNA6/4/1-31,NA,NA,NA
0324CPMN1,2003,4,TER,BAF,NA,322,3,CNA6/4/1-72,NA,NA,NA
0324CPMN1,2003,4,TER,BAF,NA,401,4,CNA6/4/1-2,61,116,2925
0324CPMN1,2003,4,TER,BAF,NA,402,4,BRS_Bonanca,69,97,4012
0324CPMN1,2003,4,TER,BAF,NA,403,4,CNA6/4/1-81,60,129,4350
0324CPMN1,2003,4,TER,BAF,NA,404,4,CNA6/4/1-53,58,142,3262
0324CPMN1,2003,4,TER,BAF,NA,405,4,CNA6/4/1-42,56,127,3300
0324CPMN1,2003,4,TER,BAF,NA,406,4,CNA6/4/1-77,61,143,2287
0324CPMN1,2003,4,TER,BAF,NA,407,4,CNA6/4/1-39,58,140,4425
0324CPMN1,2003,4,TER,BAF,NA,408,4,CNA6/4/1-44,58,145,3300
0324CPMN1,2003,4,TER,BAF,NA,409,4,Carajas,59,141,5400
0324CPMN1,2003,4,TER,BAF,NA,410,4,CNA6/4/1-66,61,133,2962
0324CPMN1,2003,4,TER,BAF,NA,411,4,CNA6/4/1-38,67,143,3187
0324CPMN1,2003,4,TER,BAF,NA,412,4,CNA6/4/1-10,58,142,3000
0324CPMN1,2003,4,TER,BAF,NA,413,4,BRS_Primavera,59,136,3525
0324CPMN1,2003,4,TER,BAF,NA,414,4,CNA6/4/1-64,61,131,3975
0324CPMN1,2003,4,TER,BAF,NA,415,4,CNA6/4/1-9,61,153,3225
0324CPMN1,2003,4,TER,BAF,NA,416,4,CNA6/4/1-92,62,128,4800
0324CPMN1,2003,4,TER,BAF,NA,417,4,CNA6/4/1-1,59,141,4725
0324CPMN1,2003,4,TER,BAF,NA,418,4,Guarani,58,137,4200
0324CPMN1,2003,4,TER,BAF,NA,419,4,CNA6/4/1-47,59,122,5250
0324CPMN1,2003,4,TER,BAF,NA,420,4,CNA6/4/1-35,62,110,4912
0324CPMN1,2003,4,TER,BAF,NA,421,4,CNA6/4/1-15,62,148,3375
0324CPMN1,2003,4,TER,BAF,NA,422,4,CNA6/4/1-84,59,146,2775
0324CPMN1,2003,4,TER,BAF,NA,501,5,CNA6/4/1-37,67,125,4575
0324CPMN1,2003,4,TER,BAF,NA,502,5,CNA6/4/1-74,62,147,3562
0324CPMN1,2003,4,TER,BAF,NA,503,5,CNA6/4/1-12,58,142,3525
0324CPMN1,2003,4,TER,BAF,NA,504,5,CNA6/4/1-20,58,152,2850
0324CPMN1,2003,4,TER,BAF,NA,505,5,CNA6/4/1-58,62,150,2062
0324CPMN1,2003,4,TER,BAF,NA,506,5,CNA6/4/1-7,58,133,3675
0324CPMN1,2003,4,TER,BAF,NA,507,5,Carajas,59,127,6075
0324CPMN1,2003,4,TER,BAF,NA,508,5,CNA6/4/1-19,59,129,4875
0324CPMN1,2003,4,TER,BAF,NA,509,5,CNA6/4/1-3,58,126,3900
0324CPMN1,2003,4,TER,BAF,NA,510,5,CNA6/4/1-89,58,123,4087
0324CPMN1,2003,4,TER,BAF,NA,511,5,BRS_Bonanca,60,124,4125
0324CPMN1,2003,4,TER,BAF,NA,512,5,CNA6/4/1-22,57,149,4200
0324CPMN1,2003,4,TER,BAF,NA,513,5,CNA6/4/1-11,57,135,5550
0324CPMN1,2003,4,TER,BAF,NA,514,5,CNA6/4/1-48,58,144,5475
0324CPMN1,2003,4,TER,BAF,NA,515,5,CNA6/4/1-45,67,134,3562
0324CPMN1,2003,4,TER,BAF,NA,516,5,CNA6/4/1-23,60,124,4350
0324CPMN1,2003,4,TER,BAF,NA,517,5,CNA6/4/1-87,60,145,3750
0324CPMN1,2003,4,TER,BAF,NA,518,5,CNA6/4/1-36,60,141,3375
0324CPMN1,2003,4,TER,BAF,NA,519,5,BRS_Primavera,58,156,3075
0324CPMN1,2003,4,TER,BAF,NA,520,5,CNA6/4/1-73,65,132,3300
0324CPMN1,2003,4,TER,BAF,NA,521,5,CNA6/4/1-34,60,130,4125
0324CPMN1,2003,4,TER,BAF,NA,522,5,CNA6/4/1-16,60,122,2812
0324CPMN1,2003,4,TER,BAF,NA,523,5,Guarani,58,140,3525
0324CPMN1,2003,4,TER,BAF,NA,524,5,CNA6/4/1-91,67,127,2850
0624CNAF2,2006,5,SAG,BAF,NA,101,1,CNA_6/5/1-637-B,83,126,3427
0624CNAF2,2006,5,SAG,BAF,NA,102,1,CNA_6/5/1-550-B,83,126,NA
0624CNAF2,2006,5,SAG,BAF,NA,103,1,CNA_6/5/1-151-B,85,98,2933
0624CNAF2,2006,5,SAG,BAF,NA,104,1,CNA_6/5/1-504-B,86,127,NA
0624CNAF2,2006,5,SAG,BAF,NA,105,1,CNA_6/5/1-12-B,83,117,3087
0624CNAF2,2006,5,SAG,BAF,NA,106,1,CNA_6/5/1-204-B,88,114,3667
0624CNAF2,2006,5,SAG,BAF,NA,107,1,CNA_6/5/1-489-B,80,108,2920
0624CNAF2,2006,5,SAG,BAF,NA,108,1,Guarani,83,138,2920
0624CNAF2,2006,5,SAG,BAF,NA,109,1,CNA_6/5/1-528-B,88,101,NA
0624CNAF2,2006,5,SAG,BAF,NA,110,1,CNA_6/5/1-618-B,86,110,2607
0624CNAF2,2006,5,SAG,BAF,NA,111,1,Carajas,85,120,4320
0624CNAF2,2006,5,SAG,BAF,NA,112,1,CNA_6/5/1-430-B,85,115,2840
0624CNAF2,2006,5,SAG,BAF,NA,113,1,BRS_Bonanca,85,94,3173
0624CNAF2,2006,5,SAG,BAF,NA,114,1,CNA_6/5/1-188-B,82,104,NA
0624CNAF2,2006,5,SAG,BAF,NA,115,1,CNA_6/5/1-283-B,82,121,3253
0624CNAF2,2006,5,SAG,BAF,NA,116,1,BRS_Primavera,81,108,2633
0624CNAF2,2006,5,SAG,BAF,NA,117,1,CNA_6/5/1-418-B,80,115,NA
0624CNAF2,2006,5,SAG,BAF,NA,118,1,CNA_6/5/1-503-B,83,137,NA
0624CNAF2,2006,5,SAG,BAF,NA,119,1,CNA_6/5/1-679-B,85,131,NA
0624CNAF2,2006,5,SAG,BAF,NA,120,1,CNA_6/5/1-357-B,85,17,NA
0624CNAF2,2006,5,SAG,BAF,NA,121,1,CNA_6/5/1-54-B,83,117,NA
0624CNAF2,2006,5,SAG,BAF,NA,122,1,CNA_6/5/1-168-B,85,108,3313
0624CNAF2,2006,5,SAG,BAF,NA,123,1,CNA_6/5/1-293-B,83,113,2493
0624CNAF2,2006,5,SAG,BAF,NA,124,1,CNA_6/5/1-387-B,86,109,2560
0624CNAF2,2006,5,SAG,BAF,NA,201,2,CNA_6/5/1-43-B,85,118,2680
0624CNAF2,2006,5,SAG,BAF,NA,202,2,CNA_6/5/1-671-B,85,116,3727
0624CNAF2,2006,5,SAG,BAF,NA,203,2,CNA_6/5/1-4-B,83,118,3440
0624CNAF2,2006,5,SAG,BAF,NA,204,2,CNA_6/5/1-589-B,83,116,NA
0624CNAF2,2006,5,SAG,BAF,NA,205,2,CNA_6/5/1-613-B,83,127,NA
0624CNAF2,2006,5,SAG,BAF,NA,206,2,Carajas,85,118,4387
0624CNAF2,2006,5,SAG,BAF,NA,207,2,CNA_6/5/1-154-B,85,108,4427
0624CNAF2,2006,5,SAG,BAF,NA,208,2,CNA_6/5/1-191-B,85,115,3580
0624CNAF2,2006,5,SAG,BAF,NA,209,2,BRS_Bonanca,85,97,3200
0624CNAF2,2006,5,SAG,BAF,NA,210,2,CNA_6/5/1-244-B,83,115,3960
0624CNAF2,2006,5,SAG,BAF,NA,211,2,CNA_6/5/1-3-B,86,110,NA
0624CNAF2,2006,5,SAG,BAF,NA,212,2,CNA_6/5/1-261-B,86,106,3500
0624CNAF2,2006,5,SAG,BAF,NA,213,2,CNA_6/5/1-53-B,83,118,NA
0624CNAF2,2006,5,SAG,BAF,NA,214,2,BRS_Primavera,80,120,4160
0624CNAF2,2006,5,SAG,BAF,NA,215,2,CNA_6/5/1-486-B,82,118,3260
0624CNAF2,2006,5,SAG,BAF,NA,216,2,Guarani,82,115,993
0624CNAF2,2006,5,SAG,BAF,NA,217,2,CNA_6/5/1-367-B,85,122,NA
0624CNAF2,2006,5,SAG,BAF,NA,218,2,CNA_6/5/1-44-B,83,113,3193
0624CNAF2,2006,5,SAG,BAF,NA,219,2,CNA_6/5/1-52-B,87,108,4073
0624CNAF2,2006,5,SAG,BAF,NA,220,2,CNA_6/5/1-301-B,88,106,NA
0624CNAF2,2006,5,SAG,BAF,NA,221,2,CNA_6/5/1-71-B,86,115,NA
0624CNAF2,2006,5,SAG,BAF,NA,222,2,CNA_6/5/1-335-B,76,107,NA
0624CNAF2,2006,5,SAG,BAF,NA,223,2,CNA_6/5/1-375-B,87,110,3000
0624CNAF2,2006,5,SAG,BAF,NA,224,2,CNA_6/5/1-194-B,86,122,NA
0624CNAF2,2006,5,SAG,BAF,NA,301,3,CNA_6/5/1-39-B,87,109,4373
0624CNAF2,2006,5,SAG,BAF,NA,302,3,CNA_6/5/1-176-B,85,107,3013
0624CNAF2,2006,5,SAG,BAF,NA,303,3,CNA_6/5/1-592-B,85,115,3280
0624CNAF2,2006,5,SAG,BAF,NA,304,3,CNA_6/5/1-410-B,85,112,2800
0624CNAF2,2006,5,SAG,BAF,NA,305,3,CNA_6/5/1-623-B,86,136,NA
0624CNAF2,2006,5,SAG,BAF,NA,306,3,CNA_6/5/1-477-B,83,123,NA
0624CNAF2,2006,5,SAG,BAF,NA,307,3,CNA_6/5/1-9-B,83,121,3067
0624CNAF2,2006,5,SAG,BAF,NA,308,3,CNA_6/5/1-326-B,85,107,3340
0624CNAF2,2006,5,SAG,BAF,NA,309,3,CNA_6/5/1-294-B,86,116,3587
0624CNAF2,2006,5,SAG,BAF,NA,310,3,CNA_6/5/1-581-B,87,120,4253
0624CNAF2,2006,5,SAG,BAF,NA,311,3,CNA_6/5/1-488-B,80,116,NA
0624CNAF2,2006,5,SAG,BAF,NA,312,3,CNA_6/5/1-569-B,83,112,NA
0624CNAF2,2006,5,SAG,BAF,NA,313,3,Carajas,83,124,4693
0624CNAF2,2006,5,SAG,BAF,NA,314,3,CNA_6/5/1-19-B,83,120,3520
0624CNAF2,2006,5,SAG,BAF,NA,315,3,CNA_6/5/1-484-B,83,116,4100
0624CNAF2,2006,5,SAG,BAF,NA,316,3,Guarani,83,126,2853
0624CNAF2,2006,5,SAG,BAF,NA,317,3,CNA_6/5/1-443-B,86,110,2967
0624CNAF2,2006,5,SAG,BAF,NA,318,3,BRS_Bonanca,85,91,3520
0624CNAF2,2006,5,SAG,BAF,NA,319,3,CNA_6/5/1-47-B,85,121,NA
0624CNAF2,2006,5,SAG,BAF,NA,320,3,CNA_6/5/1-332-B,85,115,NA
0624CNAF2,2006,5,SAG,BAF,NA,321,3,CNA_6/5/1-316-B,86,115,NA
0624CNAF2,2006,5,SAG,BAF,NA,322,3,CNA_6/5/1-164-B,86,114,4080
0624CNAF2,2006,5,SAG,BAF,NA,323,3,CNA_6/5/1-296-B,80,115,NA
0624CNAF2,2006,5,SAG,BAF,NA,324,3,BRS_Primavera,80,112,3760
0624CNAF2,2006,5,SAG,BAF,NA,401,4,CNA_6/5/1-447-B,85,103,2660
0624CNAF2,2006,5,SAG,BAF,NA,402,4,CNA_6/5/1-166-B,83,110,3427
0624CNAF2,2006,5,SAG,BAF,NA,403,4,CNA_6/5/1-269-B,85,111,2773
0624CNAF2,2006,5,SAG,BAF,NA,404,4,CNA_6/5/1-202-B,86,103,NA
0624CNAF2,2006,5,SAG,BAF,NA,405,4,CNA_6/5/1-395-B,87,111,NA
0624CNAF2,2006,5,SAG,BAF,NA,406,4,CNA_6/5/1-407-B,88,102,2680
0624CNAF2,2006,5,SAG,BAF,NA,407,4,CNA_6/5/1-649-B,86,110,NA
0624CNAF2,2006,5,SAG,BAF,NA,408,4,CNA_6/5/1-396-B,83,109,3213
0624CNAF2,2006,5,SAG,BAF,NA,409,4,CNA_6/5/1-627-B,87,118,3673
0624CNAF2,2006,5,SAG,BAF,NA,410,4,BRS_Bonanca,85,102,4200
0624CNAF2,2006,5,SAG,BAF,NA,411,4,CNA_6/5/1-448-B,85,111,NA
0624CNAF2,2006,5,SAG,BAF,NA,412,4,Carajas,83,105,4900
0624CNAF2,2006,5,SAG,BAF,NA,413,4,CNA_6/5/1-646-B,85,116,3160
0624CNAF2,2006,5,SAG,BAF,NA,414,4,CNA_6/5/1-434-B,86,120,3373
0624CNAF2,2006,5,SAG,BAF,NA,415,4,CNA_6/5/1-620-B,83,114,NA
0624CNAF2,2006,5,SAG,BAF,NA,416,4,CNA_6/5/1-337-B,86,119,NA
0624CNAF2,2006,5,SAG,BAF,NA,417,4,CNA_6/5/1-111-B,85,110,NA
0624CNAF2,2006,5,SAG,BAF,NA,418,4,CNA_6/5/1-182-B,85,118,2967
0624CNAF2,2006,5,SAG,BAF,NA,419,4,BRS_Primavera,80,109,3093
0624CNAF2,2006,5,SAG,BAF,NA,420,4,CNA_6/5/1-674-B,86,117,2840
0624CNAF2,2006,5,SAG,BAF,NA,421,4,Guarani,83,132,3300
0624CNAF2,2006,5,SAG,BAF,NA,422,4,CNA_6/5/1-431-B,85,106,NA
0624CNAF2,2006,5,SAG,BAF,NA,423,4,CNA_6/5/1-401-B,87,119,2927
0624CNAF2,2006,5,SAG,BAF,NA,424,4,CNA_6/5/1-287-B,83,117,3200
0624CNAF2,2006,5,SAG,BAF,NA,501,5,CNA_6/5/1-441-B,85,115,NA
0624CNAF2,2006,5,SAG,BAF,NA,502,5,CNA_6/5/1-190-B,83,108,NA
0624CNAF2,2006,5,SAG,BAF,NA,503,5,CNA_6/5/1-143-B,86,109,2520
0624CNAF2,2006,5,SAG,BAF,NA,504,5,CNA_6/5/1-37-B,85,117,3060
0624CNAF2,2006,5,SAG,BAF,NA,505,5,CNA_6/5/1-408-B,89,104,2600
0624CNAF2,2006,5,SAG,BAF,NA,506,5,CNA_6/5/1-28-B,83,110,NA
0624CNAF2,2006,5,SAG,BAF,NA,507,5,CNA_6/5/1-405-B,85,123,3327
0624CNAF2,2006,5,SAG,BAF,NA,508,5,CNA_6/5/1-50-B,85,119,NA
0624CNAF2,2006,5,SAG,BAF,NA,509,5,CNA_6/5/1-124-B,91,108,3060
0624CNAF2,2006,5,SAG,BAF,NA,510,5,CNA_6/5/1-129-B,83,114,3660
0624CNAF2,2006,5,SAG,BAF,NA,511,5,Carajas,83,102,4227
0624CNAF2,2006,5,SAG,BAF,NA,512,5,CNA_6/5/1-625-B,83,122,3047
0624CNAF2,2006,5,SAG,BAF,NA,513,5,CNA_6/5/1-356-B,85,121,NA
0624CNAF2,2006,5,SAG,BAF,NA,514,5,CNA_6/5/1-386-B,85,117,NA
0624CNAF2,2006,5,SAG,BAF,NA,515,5,BRS_Bonanca,85,87,2640
0624CNAF2,2006,5,SAG,BAF,NA,516,5,CNA_6/5/1-530-B,86,109,2407
0624CNAF2,2006,5,SAG,BAF,NA,517,5,CNA_6/5/1-108-B,83,105,3040
0624CNAF2,2006,5,SAG,BAF,NA,518,5,CNA_6/5/1-152-B,83,107,NA
0624CNAF2,2006,5,SAG,BAF,NA,519,5,CNA_6/5/1-403-B,88,108,NA
0624CNAF2,2006,5,SAG,BAF,NA,520,5,CNA_6/5/1-652-B,86,119,3447
0624CNAF2,2006,5,SAG,BAF,NA,521,5,BRS_Primavera,81,114,2987
0624CNAF2,2006,5,SAG,BAF,NA,522,5,CNA_6/5/1-230-B,88,117,2940
0624CNAF2,2006,5,SAG,BAF,NA,523,5,CNA_6/5/1-78-B,86,116,2900
0624CNAF2,2006,5,SAG,BAF,NA,524,5,Guarani,83,132,3840
0624CNAF2,2006,5,SAG,BAF,NA,601,6,CNA_6/5/1-666-B,85,98,3367
0624CNAF2,2006,5,SAG,BAF,NA,602,6,BRS_Bonanca,85,88,3620
0624CNAF2,2006,5,SAG,BAF,NA,603,6,CNA_6/5/1-583-B,85,109,3480
0624CNAF2,2006,5,SAG,BAF,NA,604,6,CNA_6/5/1-25-B,86,120,3500
0624CNAF2,2006,5,SAG,BAF,NA,605,6,BRS_Primavera,81,115,3587
0624CNAF2,2006,5,SAG,BAF,NA,606,6,CNA_6/5/1-246-B,86,117,3227
0624CNAF2,2006,5,SAG,BAF,NA,607,6,CNA_6/5/1-495-B,83,134,NA
0624CNAF2,2006,5,SAG,BAF,NA,608,6,CNA_6/5/1-101-B,86,107,2900
0624CNAF2,2006,5,SAG,BAF,NA,609,6,CNA_6/5/1-18-B,87,116,NA
0624CNAF2,2006,5,SAG,BAF,NA,610,6,CNA_6/5/1-381-B,83,116,NA
0624CNAF2,2006,5,SAG,BAF,NA,611,6,CNA_6/5/1-327-B,88,111,3393
0624CNAF2,2006,5,SAG,BAF,NA,612,6,CNA_6/5/1-193-B,85,101,2953
0624CNAF2,2006,5,SAG,BAF,NA,613,6,CNA_6/5/1-133-B,86,126,NA
0624CNAF2,2006,5,SAG,BAF,NA,614,6,CNA_6/5/1-428-B,83,121,3613
0624CNAF2,2006,5,SAG,BAF,NA,615,6,CNA_6/5/1-103-B,86,111,3360
0624CNAF2,2006,5,SAG,BAF,NA,616,6,CNA_6/5/1-172-B,83,108,3600
0624CNAF2,2006,5,SAG,BAF,NA,617,6,Guarani,83,121,4180
0624CNAF2,2006,5,SAG,BAF,NA,618,6,CNA_6/5/1-577-B,83,107,3267
0624CNAF2,2006,5,SAG,BAF,NA,619,6,CNA_6/5/1-82-B,85,127,NA
0624CNAF2,2006,5,SAG,BAF,NA,620,6,CNA_6/5/1-38-B,85,121,2700
0624CNAF2,2006,5,SAG,BAF,NA,621,6,CNA_6/5/1-545-B,86,125,4087
0624CNAF2,2006,5,SAG,BAF,NA,622,6,Carajas,85,113,4773
0624CNAF2,2006,5,SAG,BAF,NA,623,6,CNA_6/5/1-241-B,87,125,3973
0624CNAF2,2006,5,SAG,BAF,NA,624,6,CNA_6/5/1-506-B,83,130,4160
0624CNAF2,2006,5,SAG,BAF,NA,701,7,BRS_Primavera,81,118,4033
0624CNAF2,2006,5,SAG,BAF,NA,702,7,CNA_6/5/1-342-B,85,129,2727
0624CNAF2,2006,5,SAG,BAF,NA,703,7,CNA_6/5/1-329-B,85,113,3000
0624CNAF2,2006,5,SAG,BAF,NA,704,7,CNA_6/5/1-472-B,83,118,NA
0624CNAF2,2006,5,SAG,BAF,NA,705,7,CNA_6/5/1-249-B,88,108,3320
0624CNAF2,2006,5,SAG,BAF,NA,706,7,CNA_6/5/1-409-B,85,117,3273
0624CNAF2,2006,5,SAG,BAF,NA,707,7,CNA_6/5/1-80-B,85,122,NA
0624CNAF2,2006,5,SAG,BAF,NA,708,7,CNA_6/5/1-299-B,83,115,3340
0624CNAF2,2006,5,SAG,BAF,NA,709,7,Carajas,85,109,5120
0624CNAF2,2006,5,SAG,BAF,NA,710,7,CNA_6/5/1-51-B,86,100,4293
0624CNAF2,2006,5,SAG,BAF,NA,711,7,BRS_Bonanca,85,95,3833
0624CNAF2,2006,5,SAG,BAF,NA,712,7,CNA_6/5/1-388-B,83,110,2860
0624CNAF2,2006,5,SAG,BAF,NA,713,7,CNA_6/5/1-541-B,87,122,NA
0624CNAF2,2006,5,SAG,BAF,NA,714,7,CNA_6/5/1-516-B,87,126,NA
0624CNAF2,2006,5,SAG,BAF,NA,715,7,CNA_6/5/1-424-B,89,117,NA
0624CNAF2,2006,5,SAG,BAF,NA,716,7,CNA_6/5/1-345-B,89,117,3467
0624CNAF2,2006,5,SAG,BAF,NA,717,7,CNA_6/5/1-461-B,89,116,NA
0624CNAF2,2006,5,SAG,BAF,NA,718,7,CNA_6/5/1-201-B,83,117,NA
0624CNAF2,2006,5,SAG,BAF,NA,719,7,CNA_6/5/1-63-B,83,122,2567
0624CNAF2,2006,5,SAG,BAF,NA,720,7,CNA_6/5/1-282-B,83,105,3287
0624CNAF2,2006,5,SAG,BAF,NA,721,7,CNA_6/5/1-121-B,85,118,3787
0624CNAF2,2006,5,SAG,BAF,NA,722,7,CNA_6/5/1-309-B,91,120,3467
0624CNAF2,2006,5,SAG,BAF,NA,723,7,Guarani,82,136,2267
0624CNAF2,2006,5,SAG,BAF,NA,724,7,CNA_6/5/1-432-B,83,111,3400
0624CNAF2,2006,5,SAG,BAF,NA,801,8,BRS_Primavera,81,117,3407
0624CNAF2,2006,5,SAG,BAF,NA,802,8,CNA_6/5/1-132-B,85,132,NA
0624CNAF2,2006,5,SAG,BAF,NA,803,8,Carajas,85,117,5233
0624CNAF2,2006,5,SAG,BAF,NA,804,8,CNA_6/5/1-46-B,85,115,3140
0624CNAF2,2006,5,SAG,BAF,NA,805,8,BRS_Bonanca,85,85,3800
0624CNAF2,2006,5,SAG,BAF,NA,806,8,CNA_6/5/1-529-B,86,97,3307
0624CNAF2,2006,5,SAG,BAF,NA,807,8,CNA_6/5/1-315-B,87,125,NA
0624CNAF2,2006,5,SAG,BAF,NA,808,8,CNA_6/5/1-377-B,85,114,4033
0624CNAF2,2006,5,SAG,BAF,NA,809,8,CNA_6/5/1-600-B,87,124,NA
0624CNAF2,2006,5,SAG,BAF,NA,810,8,CNA_6/5/1-265-B,83,114,NA
0624CNAF2,2006,5,SAG,BAF,NA,811,8,CNA_6/5/1-35-B,83,119,NA
0624CNAF2,2006,5,SAG,BAF,NA,812,8,CNA_6/5/1-290-B,85,129,3520
0624CNAF2,2006,5,SAG,BAF,NA,813,8,CNA_6/5/1-139-B,88,126,3040
0624CNAF2,2006,5,SAG,BAF,NA,814,8,CNA_6/5/1-271-B,88,118,3700
0624CNAF2,2006,5,SAG,BAF,NA,815,8,CNA_6/5/1-104-B,86,113,3280
0624CNAF2,2006,5,SAG,BAF,NA,816,8,CNA_6/5/1-94-B,85,113,3767
0624CNAF2,2006,5,SAG,BAF,NA,817,8,CNA_6/5/1-426-B,85,119,NA
0624CNAF2,2006,5,SAG,BAF,NA,818,8,CNA_6/5/1-591-B,80,129,2727
0624CNAF2,2006,5,SAG,BAF,NA,819,8,CNA_6/5/1-362-B,86,130,NA
0624CNAF2,2006,5,SAG,BAF,NA,820,8,Guarani,83,140,3560
0624CNAF2,2006,5,SAG,BAF,NA,821,8,CNA_6/5/1-323-B,89,122,2807
0624CNAF2,2006,5,SAG,BAF,NA,822,8,CNA_6/5/1-75-B,89,125,3407
0624CNAF2,2006,5,SAG,BAF,NA,823,8,CNA_6/5/1-99-B,90,116,3567
0624CNAF2,2006,5,SAG,BAF,NA,824,8,CNA_6/5/1-181-B,90,130,4947
0624CNAF2,2006,5,SAG,BAF,NA,901,9,Carajas,85,115,5527
0624CNAF2,2006,5,SAG,BAF,NA,902,9,CNA_6/5/1-580-B,86,115,3433
0624CNAF2,2006,5,SAG,BAF,NA,903,9,CNA_6/5/1-17-B,86,109,NA
0624CNAF2,2006,5,SAG,BAF,NA,904,9,CNA_6/5/1-36-B,87,110,3560
0624CNAF2,2006,5,SAG,BAF,NA,905,9,CNA_6/5/1-655-B,89,121,3820
0624CNAF2,2006,5,SAG,BAF,NA,906,9,CNA_6/5/1-525-B,85,128,NA
0624CNAF2,2006,5,SAG,BAF,NA,907,9,CNA_6/5/1-21-B,86,127,3153
0624CNAF2,2006,5,SAG,BAF,NA,908,9,CNA_6/5/1-558-B,85,123,3333
0624CNAF2,2006,5,SAG,BAF,NA,909,9,BRS_Bonanca,83,98,3593
0624CNAF2,2006,5,SAG,BAF,NA,910,9,CNA_6/5/1-259-B,87,123,NA
0624CNAF2,2006,5,SAG,BAF,NA,911,9,CNA_6/5/1-81-B,87,130,3567
0624CNAF2,2006,5,SAG,BAF,NA,912,9,CNA_6/5/1-474-B,86,114,3853
0624CNAF2,2006,5,SAG,BAF,NA,913,9,CNA_6/5/1-682-B,85,117,NA
0624CNAF2,2006,5,SAG,BAF,NA,914,9,Guarani,83,132,3207
0624CNAF2,2006,5,SAG,BAF,NA,915,9,CNA_6/5/1-11-B,87,123,NA
0624CNAF2,2006,5,SAG,BAF,NA,916,9,CNA_6/5/1-522-B,87,119,NA
0624CNAF2,2006,5,SAG,BAF,NA,917,9,CNA_6/5/1-635-B,83,129,NA
0624CNAF2,2006,5,SAG,BAF,NA,918,9,CNA_6/5/1-508-B,83,113,NA
0624CNAF2,2006,5,SAG,BAF,NA,919,9,CNA_6/5/1-144-B,86,114,NA
0624CNAF2,2006,5,SAG,BAF,NA,920,9,BRS_Primavera,81,120,3580
0624CNAF2,2006,5,SAG,BAF,NA,921,9,CNA_6/5/1-471-B,86,124,3333
0624CNAF2,2006,5,SAG,BAF,NA,922,9,CNA_6/5/1-319-B,88,107,3507
0624CNAF2,2006,5,SAG,BAF,NA,923,9,CNA_6/5/1-136-B,83,112,NA
0624CNAF2,2006,5,SAG,BAF,NA,924,9,CNA_6/5/1-232-B,82,124,NA
0624CNAF2,2006,5,SAG,BAF,NA,1001,10,BRS_Bonanca,83,95,3360
0624CNAF2,2006,5,SAG,BAF,NA,1002,10,CNA_6/5/1-179-B,85,122,NA
0624CNAF2,2006,5,SAG,BAF,NA,1003,10,CNA_6/5/1-217-B,85,126,3613
0624CNAF2,2006,5,SAG,BAF,NA,1004,10,CNA_6/5/1-382-B,86,112,3453
0624CNAF2,2006,5,SAG,BAF,NA,1005,10,CNA_6/5/1-277-B,83,117,NA
0624CNAF2,2006,5,SAG,BAF,NA,1006,10,CNA_6/5/1-79-B,86,110,NA
0624CNAF2,2006,5,SAG,BAF,NA,1007,10,CNA_6/5/1-64-B,87,125,NA
0624CNAF2,2006,5,SAG,BAF,NA,1008,10,CNA_6/5/1-245-B,85,103,4040
0624CNAF2,2006,5,SAG,BAF,NA,1009,10,CNA_6/5/1-602-B,85,129,4380
0624CNAF2,2006,5,SAG,BAF,NA,1010,10,Guarani,83,130,2233
0624CNAF2,2006,5,SAG,BAF,NA,1011,10,CNA_6/5/1-352-B,85,121,NA
0624CNAF2,2006,5,SAG,BAF,NA,1012,10,CNA_6/5/1-253-B,84,127,NA
0624CNAF2,2006,5,SAG,BAF,NA,1013,10,CNA_6/5/1-537-B,86,140,NA
0624CNAF2,2006,5,SAG,BAF,NA,1014,10,CNA_6/5/1-276-B,88,109,NA
0624CNAF2,2006,5,SAG,BAF,NA,1015,10,CNA_6/5/1-668-B,83,124,NA
0624CNAF2,2006,5,SAG,BAF,NA,1016,10,CNA_6/5/1-562-B,76,116,NA
0624CNAF2,2006,5,SAG,BAF,NA,1017,10,BRS_Primavera,81,110,2933
0624CNAF2,2006,5,SAG,BAF,NA,1018,10,CNA_6/5/1-624-B,87,105,3807
0624CNAF2,2006,5,SAG,BAF,NA,1019,10,CNA_6/5/1-92-B,87,125,NA
0624CNAF2,2006,5,SAG,BAF,NA,1020,10,CNA_6/5/1-125-B,83,141,NA
0624CNAF2,2006,5,SAG,BAF,NA,1021,10,CNA_6/5/1-559-B,83,123,NA
0624CNAF2,2006,5,SAG,BAF,NA,1022,10,CNA_6/5/1-683-B,83,107,NA
0624CNAF2,2006,5,SAG,BAF,NA,1023,10,CNA_6/5/1-645-B,85,103,3820
0624CNAF2,2006,5,SAG,BAF,NA,1024,10,Carajas,85,114,5213
0624CPMT2,2006,5,SIN,BAF,NA,101,1,CNA_6/5/1-541-B,NA,NA,NA
0624CPMT2,2006,5,SIN,BAF,NA,102,1,CNA_6/5/1-152-B,NA,NA,NA
0624CPMT2,2006,5,SIN,BAF,NA,103,1,CNA_6/5/1-488-B,NA,NA,NA
0624CPMT2,2006,5,SIN,BAF,NA,104,1,CNA_6/5/1-381-B,NA,NA,NA
0624CPMT2,2006,5,SIN,BAF,NA,105,1,BRS_Bonanca,NA,NA,NA
0624CPMT2,2006,5,SIN,BAF,NA,106,1,CNA_6/5/1-600-B,NA,NA,NA
0624CPMT2,2006,5,SIN,BAF,NA,107,1,CNA_6/5/1-241-B,NA,NA,NA
0624CPMT2,2006,5,SIN,BAF,NA,108,1,CNA_6/5/1-71-B,NA,NA,NA
0624CPMT2,2006,5,SIN,BAF,NA,109,1,CNA_6/5/1-367-B,NA,NA,NA
0624CPMT2,2006,5,SIN,BAF,NA,110,1,Carajas,NA,NA,NA
0624CPMT2,2006,5,SIN,BAF,NA,111,1,CNA_6/5/1-489-B,NA,NA,NA
0624CPMT2,2006,5,SIN,BAF,NA,112,1,CNA_6/5/1-277-B,NA,NA,NA
0624CPMT2,2006,5,SIN,BAF,NA,113,1,CNA_6/5/1-151-B,NA,NA,NA
0624CPMT2,2006,5,SIN,BAF,NA,114,1,CNA_6/5/1-430-B,NA,NA,NA
0624CPMT2,2006,5,SIN,BAF,NA,115,1,CNA_6/5/1-577-B,74,96,1760
0624CPMT2,2006,5,SIN,BAF,NA,116,1,CNA_6/5/1-522-B,NA,NA,NA
0624CPMT2,2006,5,SIN,BAF,NA,117,1,CNA_6/5/1-179-B,NA,NA,NA
0624CPMT2,2006,5,SIN,BAF,NA,118,1,CNA_6/5/1-301-B,NA,NA,NA
0624CPMT2,2006,5,SIN,BAF,NA,119,1,CNA_6/5/1-386-B,NA,NA,NA
0624CPMT2,2006,5,SIN,BAF,NA,120,1,Guarani,73,104,3800
0624CPMT2,2006,5,SIN,BAF,NA,121,1,CNA_6/5/1-407-B,NA,113,1433
0624CPMT2,2006,5,SIN,BAF,NA,122,1,CNA_6/5/1-19-B,74,85,1467
0624CPMT2,2006,5,SIN,BAF,NA,123,1,BRS_Primavera,74,NA,2767
0624CPMT2,2006,5,SIN,BAF,NA,124,1,CNA_6/5/1-332-B,NA,NA,NA
0624CPMT2,2006,5,SIN,BAF,NA,201,2,CNA_6/5/1-530-B,74,100,1753
0624CPMT2,2006,5,SIN,BAF,NA,202,2,Carajas,75,103,4040
0624CPMT2,2006,5,SIN,BAF,NA,203,2,CNA_6/5/1-516-B,NA,NA,NA
0624CPMT2,2006,5,SIN,BAF,NA,204,2,BRS_Primavera,NA,NA,NA
0624CPMT2,2006,5,SIN,BAF,NA,205,2,CNA_6/5/1-652-B,NA,NA,NA
0624CPMT2,2006,5,SIN,BAF,NA,206,2,CNA_6/5/1-154-B,NA,NA,NA
0624CPMT2,2006,5,SIN,BAF,NA,207,2,CNA_6/5/1-35-B,NA,NA,NA
0624CPMT2,2006,5,SIN,BAF,NA,208,2,Guarani,NA,NA,NA
0624CPMT2,2006,5,SIN,BAF,NA,209,2,CNA_6/5/1-618-B,NA,NA,NA
0624CPMT2,2006,5,SIN,BAF,NA,210,2,CNA_6/5/1-181-B,NA,NA,NA
0624CPMT2,2006,5,SIN,BAF,NA,211,2,CNA_6/5/1-124-B,NA,NA,NA
0624CPMT2,2006,5,SIN,BAF,NA,212,2,CNA_6/5/1-144-B,NA,NA,NA
0624CPMT2,2006,5,SIN,BAF,NA,213,2,CNA_6/5/1-176-B,NA,NA,NA
0624CPMT2,2006,5,SIN,BAF,NA,214,2,CNA_6/5/1-53-B,NA,NA,NA
0624CPMT2,2006,5,SIN,BAF,NA,215,2,CNA_6/5/1-108-B,74,95,2240
0624CPMT2,2006,5,SIN,BAF,NA,216,2,CNA_6/5/1-375-B,77,109,1567
0624CPMT2,2006,5,SIN,BAF,NA,217,2,CNA_6/5/1-51-B,75,NA,3493
0624CPMT2,2006,5,SIN,BAF,NA,218,2,CNA_6/5/1-525-B,NA,NA,NA
0624CPMT2,2006,5,SIN,BAF,NA,219,2,CNA_6/5/1-323-B,74,102,1680
0624CPMT2,2006,5,SIN,BAF,NA,220,2,CNA_6/5/1-581-B,78,102,1800
0624CPMT2,2006,5,SIN,BAF,NA,221,2,CNA_6/5/1-495-B,74,104,2100
0624CPMT2,2006,5,SIN,BAF,NA,222,2,CNA_6/5/1-431-B,NA,NA,NA
0624CPMT2,2006,5,SIN,BAF,NA,223,2,BRS_Bonanca,76,91,2167
0624CPMT2,2006,5,SIN,BAF,NA,224,2,CNA_6/5/1-245-B,74,118,3513
0624CPMT2,2006,5,SIN,BAF,NA,301,3,BRS_Primavera,NA,NA,NA
0624CPMT2,2006,5,SIN,BAF,NA,302,3,CNA_6/5/1-326-B,74,91,1507
0624CPMT2,2006,5,SIN,BAF,NA,303,3,CNA_6/5/1-506-B,73,108,3580
0624CPMT2,2006,5,SIN,BAF,NA,304,3,CNA_6/5/1-327-B,74,104,2120
0624CPMT2,2006,5,SIN,BAF,NA,305,3,Carajas,74,106,3680
0624CPMT2,2006,5,SIN,BAF,NA,306,3,CNA_6/5/1-408-B,87,106,953
0624CPMT2,2006,5,SIN,BAF,NA,307,3,BRS_Bonanca,84,101,4607
0624CPMT2,2006,5,SIN,BAF,NA,308,3,CNA_6/5/1-591-B,68,93,2353
0624CPMT2,2006,5,SIN,BAF,NA,309,3,CNA_6/5/1-504-B,74,107,3433
0624CPMT2,2006,5,SIN,BAF,NA,310,3,Guarani,73,NA,5400
0624CPMT2,2006,5,SIN,BAF,NA,311,3,CNA_6/5/1-3-B,74,112,5053
0624CPMT2,2006,5,SIN,BAF,NA,312,3,CNA_6/5/1-129-B,74,121,5467
0624CPMT2,2006,5,SIN,BAF,NA,313,3,CNA_6/5/1-443-B,75,104,4713
0624CPMT2,2006,5,SIN,BAF,NA,314,3,CNA_6/5/1-294-B,76,97,2053
0624CPMT2,2006,5,SIN,BAF,NA,315,3,CNA_6/5/1-362-B,NA,NA,NA
0624CPMT2,2006,5,SIN,BAF,NA,316,3,CNA_6/5/1-352-B,63,NA,3693
0624CPMT2,2006,5,SIN,BAF,NA,317,3,CNA_6/5/1-447-B,75,101,3440
0624CPMT2,2006,5,SIN,BAF,NA,318,3,CNA_6/5/1-249-B,77,103,1147
0624CPMT2,2006,5,SIN,BAF,NA,319,3,CNA_6/5/1-387-B,77,97,1753
0624CPMT2,2006,5,SIN,BAF,NA,320,3,CNA_6/5/1-80-B,75,104,2840
0624CPMT2,2006,5,SIN,BAF,NA,321,3,CNA_6/5/1-396-B,74,90,2047
0624CPMT2,2006,5,SIN,BAF,NA,322,3,CNA_6/5/1-253-B,75,94,1500
0624CPMT2,2006,5,SIN,BAF,NA,323,3,CNA_6/5/1-316-B,75,102,4087
0624CPMT2,2006,5,SIN,BAF,NA,324,3,CNA_6/5/1-329-B,74,103,3253
0624CPMT2,2006,5,SIN,BAF,NA,401,4,BRS_Primavera,73,NA,4147
0624CPMT2,2006,5,SIN,BAF,NA,402,4,CNA_6/5/1-668-B,69,121,3453
0624CPMT2,2006,5,SIN,BAF,NA,403,4,CNA_6/5/1-418-B,67,132,2440
0624CPMT2,2006,5,SIN,BAF,NA,404,4,CNA_6/5/1-232-B,73,115,3493
0624CPMT2,2006,5,SIN,BAF,NA,405,4,CNA_6/5/1-92-B,75,120,4300
0624CPMT2,2006,5,SIN,BAF,NA,406,4,CNA_6/5/1-592-B,68,108,3247
0624CPMT2,2006,5,SIN,BAF,NA,407,4,CNA_6/5/1-309-B,77,107,1893
0624CPMT2,2006,5,SIN,BAF,NA,408,4,CNA_6/5/1-627-B,76,115,3167
0624CPMT2,2006,5,SIN,BAF,NA,409,4,BRS_Bonanca,77,118,2880
0624CPMT2,2006,5,SIN,BAF,NA,410,4,CNA_6/5/1-409-B,73,112,3780
0624CPMT2,2006,5,SIN,BAF,NA,411,4,CNA_6/5/1-75-B,NA,NA,NA
0624CPMT2,2006,5,SIN,BAF,NA,412,4,CNA_6/5/1-474-B,NA,NA,NA
0624CPMT2,2006,5,SIN,BAF,NA,413,4,CNA_6/5/1-290-B,67,115,4000
0624CPMT2,2006,5,SIN,BAF,NA,414,4,CNA_6/5/1-259-B,75,96,3707
0624CPMT2,2006,5,SIN,BAF,NA,415,4,Carajas,75,96,4233
0624CPMT2,2006,5,SIN,BAF,NA,416,4,CNA_6/5/1-261-B,75,97,4220
0624CPMT2,2006,5,SIN,BAF,NA,417,4,CNA_6/5/1-168-B,74,101,1853
0624CPMT2,2006,5,SIN,BAF,NA,418,4,CNA_6/5/1-78-B,76,114,1947
0624CPMT2,2006,5,SIN,BAF,NA,419,4,CNA_6/5/1-583-B,75,110,2047
0624CPMT2,2006,5,SIN,BAF,NA,420,4,CNA_6/5/1-246-B,74,2,3533
0624CPMT2,2006,5,SIN,BAF,NA,421,4,Guarani,69,95,4687
0624CPMT2,2006,5,SIN,BAF,NA,422,4,CNA_6/5/1-529-B,75,98,3240
0624CPMT2,2006,5,SIN,BAF,NA,423,4,CNA_6/5/1-244-B,68,92,4373
0624CPMT2,2006,5,SIN,BAF,NA,424,4,CNA_6/5/1-432-B,74,106,3227
0624CPMT2,2006,5,SIN,BAF,NA,501,5,CNA_6/5/1-64-B,NA,NA,NA
0624CPMT2,2006,5,SIN,BAF,NA,502,5,CNA_6/5/1-204-B,77,117,1253
0624CPMT2,2006,5,SIN,BAF,NA,503,5,CNA_6/5/1-125-B,NA,NA,NA
0624CPMT2,2006,5,SIN,BAF,NA,504,5,CNA_6/5/1-472-B,70,129,3713
0624CPMT2,2006,5,SIN,BAF,NA,505,5,CNA_6/5/1-283-B,70,122,3753
0624CPMT2,2006,5,SIN,BAF,NA,506,5,Carajas,74,113,6713
0624CPMT2,2006,5,SIN,BAF,NA,507,5,CNA_6/5/1-94-B,71,99,5400
0624CPMT2,2006,5,SIN,BAF,NA,508,5,BRS_Bonanca,90,87,1653
0624CPMT2,2006,5,SIN,BAF,NA,509,5,CNA_6/5/1-4-B,70,107,3133
0624CPMT2,2006,5,SIN,BAF,NA,510,5,CNA_6/5/1-52-B,74,107,2707
0624CPMT2,2006,5,SIN,BAF,NA,511,5,CNA_6/5/1-101-B,70,110,1680
0624CPMT2,2006,5,SIN,BAF,NA,512,5,CNA_6/5/1-674-B,72,108,2253
0624CPMT2,2006,5,SIN,BAF,NA,513,5,CNA_6/5/1-345-B,74,98,4827
0624CPMT2,2006,5,SIN,BAF,NA,514,5,CNA_6/5/1-54-B,NA,NA,NA
0624CPMT2,2006,5,SIN,BAF,NA,515,5,BRS_Primavera,NA,NA,NA
0624CPMT2,2006,5,SIN,BAF,NA,516,5,CNA_6/5/1-44-B,NA,NA,NA
0624CPMT2,2006,5,SIN,BAF,NA,517,5,CNA_6/5/1-139-B,73,93,1687
0624CPMT2,2006,5,SIN,BAF,NA,518,5,Guarani,68,101,5600
0624CPMT2,2006,5,SIN,BAF,NA,519,5,CNA_6/5/1-315-B,73,118,3073
0624CPMT2,2006,5,SIN,BAF,NA,520,5,CNA_6/5/1-193-B,73,119,3100
0624CPMT2,2006,5,SIN,BAF,NA,521,5,CNA_6/5/1-12-B,71,89,2587
0624CPMT2,2006,5,SIN,BAF,NA,522,5,CNA_6/5/1-580-B,73,103,4187
0624CPMT2,2006,5,SIN,BAF,NA,523,5,CNA_6/5/1-25-B,72,114,5320
0624CPMT2,2006,5,SIN,BAF,NA,524,5,CNA_6/5/1-428-B,74,115,3960
0624CPMT2,2006,5,SIN,BAF,NA,601,6,CNA_6/5/1-276-B,NA,NA,NA
0624CPMT2,2006,5,SIN,BAF,NA,602,6,Carajas,72,NA,2467
0624CPMT2,2006,5,SIN,BAF,NA,603,6,CNA_6/5/1-545-B,69,118,2893
0624CPMT2,2006,5,SIN,BAF,NA,604,6,CNA_6/5/1-388-B,70,116,4120
0624CPMT2,2006,5,SIN,BAF,NA,605,6,CNA_6/5/1-265-B,NA,NA,NA
0624CPMT2,2006,5,SIN,BAF,NA,606,6,CNA_6/5/1-471-B,70,124,3680
0624CPMT2,2006,5,SIN,BAF,NA,607,6,CNA_6/5/1-36-B,71,104,3433
0624CPMT2,2006,5,SIN,BAF,NA,608,6,CNA_6/5/1-410-B,72,107,3633
0624CPMT2,2006,5,SIN,BAF,NA,609,6,BRS_Primavera,70,NA,4000
0624CPMT2,2006,5,SIN,BAF,NA,610,6,CNA_6/5/1-589-B,69,127,2260
0624CPMT2,2006,5,SIN,BAF,NA,611,6,CNA_6/5/1-136-B,68,105,3053
0624CPMT2,2006,5,SIN,BAF,NA,612,6,Guarani,70,114,4260
0624CPMT2,2006,5,SIN,BAF,NA,613,6,CNA_6/5/1-103-B,77,123,3833
0624CPMT2,2006,5,SIN,BAF,NA,614,6,BRS_Bonanca,77,91,4153
0624CPMT2,2006,5,SIN,BAF,NA,615,6,CNA_6/5/1-342-B,74,105,2053
0624CPMT2,2006,5,SIN,BAF,NA,616,6,CNA_6/5/1-635-B,74,113,4947
0624CPMT2,2006,5,SIN,BAF,NA,617,6,CNA_6/5/1-9-B,68,NA,3540
0624CPMT2,2006,5,SIN,BAF,NA,618,6,CNA_6/5/1-562-B,66,96,2913
0624CPMT2,2006,5,SIN,BAF,NA,619,6,CNA_6/5/1-484-B,70,104,3527
0624CPMT2,2006,5,SIN,BAF,NA,620,6,CNA_6/5/1-293-B,69,106,4153
0624CPMT2,2006,5,SIN,BAF,NA,621,6,CNA_6/5/1-682-B,69,92,4220
0624CPMT2,2006,5,SIN,BAF,NA,622,6,CNA_6/5/1-403-B,74,87,3780
0624CPMT2,2006,5,SIN,BAF,NA,623,6,CNA_6/5/1-382-B,73,106,5787
0624CPMT2,2006,5,SIN,BAF,NA,624,6,CNA_6/5/1-649-B,67,100,5127
0624CPMT2,2006,5,SIN,BAF,NA,701,7,CNA_6/5/1-99-B,71,111,3920
0624CPMT2,2006,5,SIN,BAF,NA,702,7,CNA_6/5/1-426-B,73,113,4587
0624CPMT2,2006,5,SIN,BAF,NA,703,7,CNA_6/5/1-620-B,71,113,4653
0624CPMT2,2006,5,SIN,BAF,NA,704,7,CNA_6/5/1-111-B,72,109,3173
0624CPMT2,2006,5,SIN,BAF,NA,705,7,BRS_Bonanca,75,102,4753
0624CPMT2,2006,5,SIN,BAF,NA,706,7,CNA_6/5/1-81-B,75,121,2760
0624CPMT2,2006,5,SIN,BAF,NA,707,7,CNA_6/5/1-17-B,NA,NA,NA
0624CPMT2,2006,5,SIN,BAF,NA,708,7,CNA_6/5/1-104-B,73,114,4187
0624CPMT2,2006,5,SIN,BAF,NA,709,7,CNA_6/5/1-424-B,76,114,3080
0624CPMT2,2006,5,SIN,BAF,NA,710,7,CNA_6/5/1-28-B,70,101,3707
0624CPMT2,2006,5,SIN,BAF,NA,711,7,CNA_6/5/1-282-B,69,108,3607
0624CPMT2,2006,5,SIN,BAF,NA,712,7,CNA_6/5/1-39-B,74,96,4747
0624CPMT2,2006,5,SIN,BAF,NA,713,7,CNA_6/5/1-646-B,71,108,2720
0624CPMT2,2006,5,SIN,BAF,NA,714,7,CNA_6/5/1-271-B,72,103,5687
0624CPMT2,2006,5,SIN,BAF,NA,715,7,CNA_6/5/1-63-B,68,93,3347
0624CPMT2,2006,5,SIN,BAF,NA,716,7,CNA_6/5/1-683-B,71,99,5553
0624CPMT2,2006,5,SIN,BAF,NA,717,7,CNA_6/5/1-82-B,72,131,3713
0624CPMT2,2006,5,SIN,BAF,NA,718,7,Guarani,69,NA,6553
0624CPMT2,2006,5,SIN,BAF,NA,719,7,CNA_6/5/1-528-B,NA,NA,NA
0624CPMT2,2006,5,SIN,BAF,NA,720,7,CNA_6/5/1-37-B,72,113,5300
0624CPMT2,2006,5,SIN,BAF,NA,721,7,CNA_6/5/1-613-B,71,107,5753
0624CPMT2,2006,5,SIN,BAF,NA,722,7,CNA_6/5/1-477-B,NA,NA,NA
0624CPMT2,2006,5,SIN,BAF,NA,723,7,BRS_Primavera,71,120,6787
0624CPMT2,2006,5,SIN,BAF,NA,724,7,Carajas,68,105,4267
0624CPMT2,2006,5,SIN,BAF,NA,801,8,CNA_6/5/1-559-B,71,107,4733
0624CPMT2,2006,5,SIN,BAF,NA,802,8,CNA_6/5/1-201-B,70,115,3180
0624CPMT2,2006,5,SIN,BAF,NA,803,8,CNA_6/5/1-569-B,73,115,3373
0624CPMT2,2006,5,SIN,BAF,NA,804,8,Guarani,68,115,4453
0624CPMT2,2006,5,SIN,BAF,NA,805,8,CNA_6/5/1-486-B,69,109,3147
0624CPMT2,2006,5,SIN,BAF,NA,806,8,CNA_6/5/1-666-B,71,116,4853
0624CPMT2,2006,5,SIN,BAF,NA,807,8,CNA_6/5/1-46-B,72,105,4280
0624CPMT2,2006,5,SIN,BAF,NA,808,8,CNA_6/5/1-623-B,72,123,3640
0624CPMT2,2006,5,SIN,BAF,NA,809,8,CNA_6/5/1-637-B,71,98,3553
0624CPMT2,2006,5,SIN,BAF,NA,810,8,CNA_6/5/1-79-B,73,104,5447
0624CPMT2,2006,5,SIN,BAF,NA,811,8,BRS_Bonanca,72,96,2500
0624CPMT2,2006,5,SIN,BAF,NA,812,8,CNA_6/5/1-50-B,72,104,3400
0624CPMT2,2006,5,SIN,BAF,NA,813,8,CNA_6/5/1-132-B,72,111,2860
0624CPMT2,2006,5,SIN,BAF,NA,814,8,BRS_Primavera,72,NA,3593
0624CPMT2,2006,5,SIN,BAF,NA,815,8,CNA_6/5/1-550-B,NA,NA,NA
0624CPMT2,2006,5,SIN,BAF,NA,816,8,CNA_6/5/1-230-B,74,117,1520
0624CPMT2,2006,5,SIN,BAF,NA,817,8,CNA_6/5/1-21-B,73,111,4447
0624CPMT2,2006,5,SIN,BAF,NA,818,8,CNA_6/5/1-625-B,67,111,3387
0624CPMT2,2006,5,SIN,BAF,NA,819,8,CNA_6/5/1-558-B,72,114,4093
0624CPMT2,2006,5,SIN,BAF,NA,820,8,CNA_6/5/1-401-B,72,127,2753
0624CPMT2,2006,5,SIN,BAF,NA,821,8,Carajas,73,107,5567
0624CPMT2,2006,5,SIN,BAF,NA,822,8,CNA_6/5/1-299-B,68,104,4480
0624CPMT2,2006,5,SIN,BAF,NA,823,8,CNA_6/5/1-356-B,71,118,5880
0624CPMT2,2006,5,SIN,BAF,NA,824,8,CNA_6/5/1-461-B,73,105,4647
0624CPMT2,2006,5,SIN,BAF,NA,901,9,CNA_6/5/1-655-B,72,107,3020
0624CPMT2,2006,5,SIN,BAF,NA,902,9,CNA_6/5/1-190-B,67,121,4380
0624CPMT2,2006,5,SIN,BAF,NA,903,9,CNA_6/5/1-319-B,70,130,4827
0624CPMT2,2006,5,SIN,BAF,NA,904,9,Guarani,68,141,4720
0624CPMT2,2006,5,SIN,BAF,NA,905,9,CNA_6/5/1-133-B,76,121,3113
0624CPMT2,2006,5,SIN,BAF,NA,906,9,CNA_6/5/1-143-B,72,114,4020
0624CPMT2,2006,5,SIN,BAF,NA,907,9,CNA_6/5/1-624-B,73,111,3987
0624CPMT2,2006,5,SIN,BAF,NA,908,9,CNA_6/5/1-43-B,72,105,4513
0624CPMT2,2006,5,SIN,BAF,NA,909,9,CNA_6/5/1-296-B,67,102,4387
0624CPMT2,2006,5,SIN,BAF,NA,910,9,CNA_6/5/1-202-B,NA,NA,NA
0624CPMT2,2006,5,SIN,BAF,NA,911,9,BRS_Primavera,70,101,3620
0624CPMT2,2006,5,SIN,BAF,NA,912,9,CNA_6/5/1-337-B,71,88,4033
0624CPMT2,2006,5,SIN,BAF,NA,913,9,CNA_6/5/1-121-B,68,92,3747
0624CPMT2,2006,5,SIN,BAF,NA,914,9,BRS_Bonanca,79,90,3687
0624CPMT2,2006,5,SIN,BAF,NA,915,9,CNA_6/5/1-191-B,73,107,1833
0624CPMT2,2006,5,SIN,BAF,NA,916,9,CNA_6/5/1-47-B,NA,NA,NA
0624CPMT2,2006,5,SIN,BAF,NA,917,9,Carajas,71,NA,4767
0624CPMT2,2006,5,SIN,BAF,NA,918,9,CNA_6/5/1-269-B,70,111,3800
0624CPMT2,2006,5,SIN,BAF,NA,919,9,CNA_6/5/1-395-B,72,125,2707
0624CPMT2,2006,5,SIN,BAF,NA,920,9,CNA_6/5/1-645-B,71,104,3493
0624CPMT2,2006,5,SIN,BAF,NA,921,9,CNA_6/5/1-503-B,72,107,3200
0624CPMT2,2006,5,SIN,BAF,NA,922,9,CNA_6/5/1-602-B,70,115,4687
0624CPMT2,2006,5,SIN,BAF,NA,923,9,CNA_6/5/1-182-B,69,113,3400
0624CPMT2,2006,5,SIN,BAF,NA,924,9,CNA_6/5/1-537-B,NA,NA,NA
0624CPMT2,2006,5,SIN,BAF,NA,1001,10,CNA_6/5/1-188-B,68,110,2987
0624CPMT2,2006,5,SIN,BAF,NA,1002,10,BRS_Primavera,NA,NA,NA
0624CPMT2,2006,5,SIN,BAF,NA,1003,10,CNA_6/5/1-679-B,NA,NA,NA
0624CPMT2,2006,5,SIN,BAF,NA,1004,10,BRS_Bonanca,76,105,4187
0624CPMT2,2006,5,SIN,BAF,NA,1005,10,CNA_6/5/1-508-B,70,112,2667
0624CPMT2,2006,5,SIN,BAF,NA,1006,10,CNA_6/5/1-11-B,71,120,2720
0624CPMT2,2006,5,SIN,BAF,NA,1007,10,CNA_6/5/1-164-B,72,104,5080
0624CPMT2,2006,5,SIN,BAF,NA,1008,10,CNA_6/5/1-405-B,73,110,4633
0624CPMT2,2006,5,SIN,BAF,NA,1009,10,CNA_6/5/1-38-B,74,96,1933
0624CPMT2,2006,5,SIN,BAF,NA,1010,10,CNA_6/5/1-357-B,73,98,3660
0624CPMT2,2006,5,SIN,BAF,NA,1011,10,CNA_6/5/1-441-B,NA,NA,NA
0624CPMT2,2006,5,SIN,BAF,NA,1012,10,CNA_6/5/1-287-B,68,93,2733
0624CPMT2,2006,5,SIN,BAF,NA,1013,10,CNA_6/5/1-377-B,70,106,2633
0624CPMT2,2006,5,SIN,BAF,NA,1014,10,CNA_6/5/1-448-B,73,120,3680
0624CPMT2,2006,5,SIN,BAF,NA,1015,10,CNA_6/5/1-166-B,72,93,2520
0624CPMT2,2006,5,SIN,BAF,NA,1016,10,Guarani,71,NA,3287
0624CPMT2,2006,5,SIN,BAF,NA,1017,10,CNA_6/5/1-434-B,72,103,2193
0624CPMT2,2006,5,SIN,BAF,NA,1018,10,CNA_6/5/1-671-B,71,96,3180
0624CPMT2,2006,5,SIN,BAF,NA,1019,10,CNA_6/5/1-172-B,68,107,2720
0624CPMT2,2006,5,SIN,BAF,NA,1020,10,CNA_6/5/1-217-B,73,105,1787
0624CPMT2,2006,5,SIN,BAF,NA,1021,10,CNA_6/5/1-335-B,NA,NA,NA
0624CPMT2,2006,5,SIN,BAF,NA,1022,10,CNA_6/5/1-194-B,NA,NA,NA
0624CPMT2,2006,5,SIN,BAF,NA,1023,10,Carajas,70,103,3780
0624CPMT2,2006,5,SIN,BAF,NA,1024,10,CNA_6/5/1-18-B,68,99,2840
0624CPMN1,2006,5,TER,BAF,NA,101,1,CNA_6/5/1-261-B,55,103,3375
0624CPMN1,2006,5,TER,BAF,NA,102,1,CNA_6/5/1-108-B,53,109,3458
0624CPMN1,2006,5,TER,BAF,NA,103,1,CNA_6/5/1-245-B,55,118,2666
0624CPMN1,2006,5,TER,BAF,NA,104,1,BRS_Bonanca,63,103,3375
0624CPMN1,2006,5,TER,BAF,NA,105,1,CNA_6/5/1-181-B,55,133,3958
0624CPMN1,2006,5,TER,BAF,NA,106,1,CNA_6/5/1-655-B,55,132,3250
0624CPMN1,2006,5,TER,BAF,NA,107,1,CNA_6/5/1-569-B,NA,NA,NA
0624CPMN1,2006,5,TER,BAF,NA,108,1,Carajas,56,114,5541
0624CPMN1,2006,5,TER,BAF,NA,109,1,CNA_6/5/1-94-B,52,109,4208
0624CPMN1,2006,5,TER,BAF,NA,110,1,CNA_6/5/1-600-B,NA,NA,NA
0624CPMN1,2006,5,TER,BAF,NA,111,1,CNA_6/5/1-191-B,55,125,3500
0624CPMN1,2006,5,TER,BAF,NA,112,1,BRS_Primavera,58,123,3500
0624CPMN1,2006,5,TER,BAF,NA,113,1,CNA_6/5/1-17-B,NA,NA,NA
0624CPMN1,2006,5,TER,BAF,NA,114,1,CNA_6/5/1-103-B,65,107,2708
0624CPMN1,2006,5,TER,BAF,NA,115,1,CNA_6/5/1-530-B,55,129,3333
0624CPMN1,2006,5,TER,BAF,NA,116,1,CNA_6/5/1-387-B,65,113,2291
0624CPMN1,2006,5,TER,BAF,NA,117,1,CNA_6/5/1-37-B,55,119,2125
0624CPMN1,2006,5,TER,BAF,NA,118,1,CNA_6/5/1-80-B,NA,NA,NA
0624CPMN1,2006,5,TER,BAF,NA,119,1,CNA_6/5/1-319-B,58,99,3041
0624CPMN1,2006,5,TER,BAF,NA,120,1,Guarani,58,99,2875
0624CPMN1,2006,5,TER,BAF,NA,121,1,CNA_6/5/1-377-B,53,112,4375
0624CPMN1,2006,5,TER,BAF,NA,122,1,CNA_6/5/1-405-B,53,118,2083
0624CPMN1,2006,5,TER,BAF,NA,123,1,CNA_6/5/1-550-B,NA,NA,NA
0624CPMN1,2006,5,TER,BAF,NA,124,1,CNA_6/5/1-301-B,NA,NA,NA
0624CPMN1,2006,5,TER,BAF,NA,201,2,Guarani,59,109,5041
0624CPMN1,2006,5,TER,BAF,NA,202,2,CNA_6/5/1-43-B,59,115,4291
0624CPMN1,2006,5,TER,BAF,NA,203,2,CNA_6/5/1-471-B,56,130,1208
0624CPMN1,2006,5,TER,BAF,NA,204,2,CNA_6/5/1-282-B,55,125,3791
0624CPMN1,2006,5,TER,BAF,NA,205,2,CNA_6/5/1-271-B,57,139,2958
0624CPMN1,2006,5,TER,BAF,NA,206,2,CNA_6/5/1-294-B,55,140,3666
0624CPMN1,2006,5,TER,BAF,NA,207,2,CNA_6/5/1-396-B,53,138,3583
0624CPMN1,2006,5,TER,BAF,NA,208,2,CNA_6/5/1-448-B,NA,NA,NA
0624CPMN1,2006,5,TER,BAF,NA,209,2,CNA_6/5/1-558-B,58,145,5333
0624CPMN1,2006,5,TER,BAF,NA,210,2,CNA_6/5/1-581-B,62,120,4166
0624CPMN1,2006,5,TER,BAF,NA,211,2,CNA_6/5/1-666-B,55,119,3583
0624CPMN1,2006,5,TER,BAF,NA,212,2,CNA_6/5/1-352-B,NA,NA,NA
0624CPMN1,2006,5,TER,BAF,NA,213,2,CNA_6/5/1-388-B,55,125,3083
0624CPMN1,2006,5,TER,BAF,NA,214,2,CNA_6/5/1-78-B,60,124,3375
0624CPMN1,2006,5,TER,BAF,NA,215,2,CNA_6/5/1-71-B,NA,NA,NA
0624CPMN1,2006,5,TER,BAF,NA,216,2,BRS_Bonanca,63,120,4666
0624CPMN1,2006,5,TER,BAF,NA,217,2,CNA_6/5/1-47-B,NA,NA,NA
0624CPMN1,2006,5,TER,BAF,NA,218,2,CNA_6/5/1-637-B,55,120,3250
0624CPMN1,2006,5,TER,BAF,NA,219,2,BRS_Primavera,58,152,3833
0624CPMN1,2006,5,TER,BAF,NA,220,2,CNA_6/5/1-63-B,53,140,2500
0624CPMN1,2006,5,TER,BAF,NA,221,2,CNA_6/5/1-44-B,56,129,1708
0624CPMN1,2006,5,TER,BAF,NA,222,2,CNA_6/5/1-326-B,53,132,4041
0624CPMN1,2006,5,TER,BAF,NA,223,2,CNA_6/5/1-428-B,57,118,3750
0624CPMN1,2006,5,TER,BAF,NA,224,2,Carajas,58,118,5250
0624CPMN1,2006,5,TER,BAF,NA,301,3,CNA_6/5/1-381-B,NA,NA,NA
0624CPMN1,2006,5,TER,BAF,NA,302,3,CNA_6/5/1-472-B,NA,NA,NA
0624CPMN1,2006,5,TER,BAF,NA,303,3,CNA_6/5/1-52-B,55,120,3166
0624CPMN1,2006,5,TER,BAF,NA,304,3,CNA_6/5/1-168-B,56,110,2750
0624CPMN1,2006,5,TER,BAF,NA,305,3,CNA_6/5/1-635-B,NA,NA,NA
0624CPMN1,2006,5,TER,BAF,NA,306,3,BRS_Primavera,58,131,3958
0624CPMN1,2006,5,TER,BAF,NA,307,3,CNA_6/5/1-545-B,58,130,2708
0624CPMN1,2006,5,TER,BAF,NA,308,3,CNA_6/5/1-204-B,58,139,4375
0624CPMN1,2006,5,TER,BAF,NA,309,3,CNA_6/5/1-410-B,56,117,4333
0624CPMN1,2006,5,TER,BAF,NA,310,3,CNA_6/5/1-506-B,53,105,3416
0624CPMN1,2006,5,TER,BAF,NA,311,3,CNA_6/5/1-613-B,NA,NA,NA
0624CPMN1,2006,5,TER,BAF,NA,312,3,CNA_6/5/1-386-B,NA,NA,NA
0624CPMN1,2006,5,TER,BAF,NA,313,3,Carajas,57,124,4625
0624CPMN1,2006,5,TER,BAF,NA,314,3,Guarani,56,102,2291
0624CPMN1,2006,5,TER,BAF,NA,315,3,CNA_6/5/1-81-B,57,123,3375
0624CPMN1,2006,5,TER,BAF,NA,316,3,CNA_6/5/1-409-B,55,113,3375
0624CPMN1,2006,5,TER,BAF,NA,317,3,CNA_6/5/1-53-B,NA,NA,NA
0624CPMN1,2006,5,TER,BAF,NA,318,3,CNA_6/5/1-133-B,NA,NA,NA
0624CPMN1,2006,5,TER,BAF,NA,319,3,CNA_6/5/1-577-B,58,118,2708
0624CPMN1,2006,5,TER,BAF,NA,320,3,CNA_6/5/1-164-B,56,115,2750
0624CPMN1,2006,5,TER,BAF,NA,321,3,CNA_6/5/1-382-B,60,124,3291
0624CPMN1,2006,5,TER,BAF,NA,322,3,BRS_Bonanca,62,132,5458
0624CPMN1,2006,5,TER,BAF,NA,323,3,CNA_6/5/1-246-B,55,133,1166
0624CPMN1,2006,5,TER,BAF,NA,324,3,CNA_6/5/1-54-B,NA,NA,NA
0624CPMN1,2006,5,TER,BAF,NA,401,4,CNA_6/5/1-592-B,57,125,3208
0624CPMN1,2006,5,TER,BAF,NA,402,4,CNA_6/5/1-28-B,NA,NA,NA
0624CPMN1,2006,5,TER,BAF,NA,403,4,CNA_6/5/1-430-B,57,121,2958
0624CPMN1,2006,5,TER,BAF,NA,404,4,CNA_6/5/1-495-B,NA,NA,NA
0624CPMN1,2006,5,TER,BAF,NA,405,4,CNA_6/5/1-356-B,NA,NA,NA
0624CPMN1,2006,5,TER,BAF,NA,406,4,CNA_6/5/1-461-B,NA,NA,NA
0624CPMN1,2006,5,TER,BAF,NA,407,4,CNA_6/5/1-182-B,55,145,4208
0624CPMN1,2006,5,TER,BAF,NA,408,4,Carajas,57,133,4208
0624CPMN1,2006,5,TER,BAF,NA,409,4,CNA_6/5/1-151-B,55,112,3375
0624CPMN1,2006,5,TER,BAF,NA,410,4,CNA_6/5/1-21-B,56,132,3458
0624CPMN1,2006,5,TER,BAF,NA,411,4,CNA_6/5/1-176-B,55,115,4625
0624CPMN1,2006,5,TER,BAF,NA,412,4,CNA_6/5/1-488-B,NA,NA,NA
0624CPMN1,2006,5,TER,BAF,NA,413,4,BRS_Primavera,58,133,3750
0624CPMN1,2006,5,TER,BAF,NA,414,4,CNA_6/5/1-432-B,54,118,1541
0624CPMN1,2006,5,TER,BAF,NA,415,4,CNA_6/5/1-38-B,54,125,3375
0624CPMN1,2006,5,TER,BAF,NA,416,4,CNA_6/5/1-516-B,NA,NA,NA
0624CPMN1,2006,5,TER,BAF,NA,417,4,CNA_6/5/1-447-B,56,117,2541
0624CPMN1,2006,5,TER,BAF,NA,418,4,CNA_6/5/1-525-B,NA,NA,NA
0624CPMN1,2006,5,TER,BAF,NA,419,4,Guarani,55,116,3416
0624CPMN1,2006,5,TER,BAF,NA,420,4,CNA_6/5/1-443-B,57,113,1791
0624CPMN1,2006,5,TER,BAF,NA,421,4,CNA_6/5/1-152-B,NA,NA,NA
0624CPMN1,2006,5,TER,BAF,NA,422,4,CNA_6/5/1-143-B,55,114,4208
0624CPMN1,2006,5,TER,BAF,NA,423,4,CNA_6/5/1-624-B,57,110,3583
0624CPMN1,2006,5,TER,BAF,NA,424,4,BRS_Bonanca,65,92,2875
0624CPMN1,2006,5,TER,BAF,NA,501,5,CNA_6/5/1-18-B,NA,NA,NA
0624CPMN1,2006,5,TER,BAF,NA,502,5,Carajas,57,111,3875
0624CPMN1,2006,5,TER,BAF,NA,503,5,CNA_6/5/1-79-B,NA,NA,NA
0624CPMN1,2006,5,TER,BAF,NA,504,5,CNA_6/5/1-620-B,NA,NA,NA
0624CPMN1,2006,5,TER,BAF,NA,505,5,CNA_6/5/1-401-B,57,139,3416
0624CPMN1,2006,5,TER,BAF,NA,506,5,CNA_6/5/1-424-B,NA,NA,NA
0624CPMN1,2006,5,TER,BAF,NA,507,5,CNA_6/5/1-337-B,NA,NA,NA
0624CPMN1,2006,5,TER,BAF,NA,508,5,CNA_6/5/1-46-B,57,137,2750
0624CPMN1,2006,5,TER,BAF,NA,509,5,CNA_6/5/1-528-B,NA,NA,NA
0624CPMN1,2006,5,TER,BAF,NA,510,5,CNA_6/5/1-104-B,55,128,4416
0624CPMN1,2006,5,TER,BAF,NA,511,5,CNA_6/5/1-202-B,NA,NA,NA
0624CPMN1,2006,5,TER,BAF,NA,512,5,CNA_6/5/1-602-B,57,129,4625
0624CPMN1,2006,5,TER,BAF,NA,513,5,CNA_6/5/1-290-B,57,125,3375
0624CPMN1,2006,5,TER,BAF,NA,514,5,Guarani,57,115,1500
0624CPMN1,2006,5,TER,BAF,NA,515,5,BRS_Primavera,58,110,5458
0624CPMN1,2006,5,TER,BAF,NA,516,5,CNA_6/5/1-541-B,NA,NA,NA
0624CPMN1,2006,5,TER,BAF,NA,517,5,CNA_6/5/1-682-B,NA,NA,NA
0624CPMN1,2006,5,TER,BAF,NA,518,5,CNA_6/5/1-315-B,NA,NA,NA
0624CPMN1,2006,5,TER,BAF,NA,519,5,CNA_6/5/1-12-B,55,138,3458
0624CPMN1,2006,5,TER,BAF,NA,520,5,BRS_Bonanca,64,147,3791
0624CPMN1,2006,5,TER,BAF,NA,521,5,CNA_6/5/1-342-B,57,128,1208
0624CPMN1,2006,5,TER,BAF,NA,522,5,CNA_6/5/1-190-B,NA,NA,NA
0624CPMN1,2006,5,TER,BAF,NA,523,5,CNA_6/5/1-166-B,57,120,3041
0624CPMN1,2006,5,TER,BAF,NA,524,5,CNA_6/5/1-230-B,58,142,3958
0624CPMN1,2006,5,TER,BAF,NA,601,6,CNA_6/5/1-484-B,57,130,3583
0624CPMN1,2006,5,TER,BAF,NA,602,6,BRS_Bonanca,64,134,4708
0624CPMN1,2006,5,TER,BAF,NA,603,6,CNA_6/5/1-649-B,NA,NA,NA
0624CPMN1,2006,5,TER,BAF,NA,604,6,CNA_6/5/1-625-B,55,130,2291
0624CPMN1,2006,5,TER,BAF,NA,605,6,CNA_6/5/1-269-B,55,129,3791
0624CPMN1,2006,5,TER,BAF,NA,606,6,CNA_6/5/1-668-B,NA,NA,NA
0624CPMN1,2006,5,TER,BAF,NA,607,6,CNA_6/5/1-253-B,NA,NA,NA
0624CPMN1,2006,5,TER,BAF,NA,608,6,CNA_6/5/1-591-B,56,142,3083
0624CPMN1,2006,5,TER,BAF,NA,609,6,BRS_Primavera,60,124,5458
0624CPMN1,2006,5,TER,BAF,NA,610,6,CNA_6/5/1-477-B,NA,NA,NA
0624CPMN1,2006,5,TER,BAF,NA,611,6,Carajas,57,132,5375
0624CPMN1,2006,5,TER,BAF,NA,612,6,CNA_6/5/1-241-B,58,127,3041
0624CPMN1,2006,5,TER,BAF,NA,613,6,CNA_6/5/1-299-B,55,111,3291
0624CPMN1,2006,5,TER,BAF,NA,614,6,CNA_6/5/1-64-B,NA,NA,NA
0624CPMN1,2006,5,TER,BAF,NA,615,6,CNA_6/5/1-50-B,NA,NA,NA
0624CPMN1,2006,5,TER,BAF,NA,616,6,CNA_6/5/1-36-B,57,120,3375
0624CPMN1,2006,5,TER,BAF,NA,617,6,Guarani,56,135,1541
0624CPMN1,2006,5,TER,BAF,NA,618,6,CNA_6/5/1-287-B,55,129,3041
0624CPMN1,2006,5,TER,BAF,NA,619,6,CNA_6/5/1-193-B,56,119,3833
0624CPMN1,2006,5,TER,BAF,NA,620,6,CNA_6/5/1-144-B,NA,NA,NA
0624CPMN1,2006,5,TER,BAF,NA,621,6,CNA_6/5/1-503-B,NA,NA,NA
0624CPMN1,2006,5,TER,BAF,NA,622,6,CNA_6/5/1-489-B,55,113,4208
0624CPMN1,2006,5,TER,BAF,NA,623,6,CNA_6/5/1-357-B,NA,NA,NA
0624CPMN1,2006,5,TER,BAF,NA,624,6,CNA_6/5/1-101-B,56,125,3583
0624CPMN1,2006,5,TER,BAF,NA,701,7,CNA_6/5/1-395-B,NA,NA,NA
0624CPMN1,2006,5,TER,BAF,NA,702,7,Carajas,57,120,4083
0624CPMN1,2006,5,TER,BAF,NA,703,7,CNA_6/5/1-244-B,55,122,3166
0624CPMN1,2006,5,TER,BAF,NA,704,7,CNA_6/5/1-316-B,NA,NA,NA
0624CPMN1,2006,5,TER,BAF,NA,705,7,CNA_6/5/1-259-B,NA,NA,NA
0624CPMN1,2006,5,TER,BAF,NA,706,7,CNA_6/5/1-132-B,NA,NA,NA
0624CPMN1,2006,5,TER,BAF,NA,707,7,CNA_6/5/1-329-B,56,138,4416
0624CPMN1,2006,5,TER,BAF,NA,708,7,CNA_6/5/1-375-B,65,125,2750
0624CPMN1,2006,5,TER,BAF,NA,709,7,CNA_6/5/1-201-B,NA,NA,NA
0624CPMN1,2006,5,TER,BAF,NA,710,7,CNA_6/5/1-645-B,55,120,4125
0624CPMN1,2006,5,TER,BAF,NA,711,7,CNA_6/5/1-25-B,57,123,3125
0624CPMN1,2006,5,TER,BAF,NA,712,7,CNA_6/5/1-580-B,55,117,2958
0624CPMN1,2006,5,TER,BAF,NA,713,7,BRS_Primavera,62,120,5375
0624CPMN1,2006,5,TER,BAF,NA,714,7,CNA_6/5/1-129-B,57,122,5541
0624CPMN1,2006,5,TER,BAF,NA,715,7,BRS_Bonanca,64,117,2958
0624CPMN1,2006,5,TER,BAF,NA,716,7,CNA_6/5/1-589-B,NA,NA,NA
0624CPMN1,2006,5,TER,BAF,NA,717,7,Guarani,57,120,3791
0624CPMN1,2006,5,TER,BAF,NA,718,7,CNA_6/5/1-623-B,NA,NA,NA
0624CPMN1,2006,5,TER,BAF,NA,719,7,CNA_6/5/1-232-B,NA,NA,NA
0624CPMN1,2006,5,TER,BAF,NA,720,7,CNA_6/5/1-646-B,57,136,4833
0624CPMN1,2006,5,TER,BAF,NA,721,7,CNA_6/5/1-265-B,NA,NA,NA
0624CPMN1,2006,5,TER,BAF,NA,722,7,CNA_6/5/1-362-B,NA,NA,NA
0624CPMN1,2006,5,TER,BAF,NA,723,7,CNA_6/5/1-679-B,NA,NA,NA
0624CPMN1,2006,5,TER,BAF,NA,724,7,CNA_6/5/1-125-B,NA,NA,NA
0624CPMN1,2006,5,TER,BAF,NA,801,8,BRS_Bonanca,64,112,4208
0624CPMN1,2006,5,TER,BAF,NA,802,8,CNA_6/5/1-136-B,NA,NA,NA
0624CPMN1,2006,5,TER,BAF,NA,803,8,Guarani,57,126,3791
0624CPMN1,2006,5,TER,BAF,NA,804,8,CNA_6/5/1-683-B,NA,NA,NA
0624CPMN1,2006,5,TER,BAF,NA,805,8,CNA_6/5/1-627-B,58,113,3375
0624CPMN1,2006,5,TER,BAF,NA,806,8,CNA_6/5/1-474-B,58,139,3791
0624CPMN1,2006,5,TER,BAF,NA,807,8,CNA_6/5/1-179-B,NA,NA,NA
0624CPMN1,2006,5,TER,BAF,NA,808,8,CNA_6/5/1-75-B,57,130,4916
0624CPMN1,2006,5,TER,BAF,NA,809,8,BRS_Primavera,60,120,4208
0624CPMN1,2006,5,TER,BAF,NA,810,8,CNA_6/5/1-674-B,57,121,3208
0624CPMN1,2006,5,TER,BAF,NA,811,8,CNA_6/5/1-407-B,65,117,3125
0624CPMN1,2006,5,TER,BAF,NA,812,8,CNA_6/5/1-276-B,NA,NA,NA
0624CPMN1,2006,5,TER,BAF,NA,813,8,CNA_6/5/1-35-B,NA,NA,NA
0624CPMN1,2006,5,TER,BAF,NA,814,8,Carajas,57,115,3833
0624CPMN1,2006,5,TER,BAF,NA,815,8,CNA_6/5/1-51-B,57,140,4833
0624CPMN1,2006,5,TER,BAF,NA,816,8,CNA_6/5/1-323-B,57,125,2750
0624CPMN1,2006,5,TER,BAF,NA,817,8,CNA_6/5/1-618-B,56,114,3000
0624CPMN1,2006,5,TER,BAF,NA,818,8,CNA_6/5/1-277-B,NA,NA,NA
0624CPMN1,2006,5,TER,BAF,NA,819,8,CNA_6/5/1-345-B,55,122,1583
0624CPMN1,2006,5,TER,BAF,NA,820,8,CNA_6/5/1-39-B,60,140,2875
0624CPMN1,2006,5,TER,BAF,NA,821,8,CNA_6/5/1-194-B,NA,NA,NA
0624CPMN1,2006,5,TER,BAF,NA,822,8,CNA_6/5/1-3-B,NA,NA,NA
0624CPMN1,2006,5,TER,BAF,NA,823,8,CNA_6/5/1-82-B,NA,NA,NA
0624CPMN1,2006,5,TER,BAF,NA,824,8,CNA_6/5/1-4-B,55,135,3375
0624CPMN1,2006,5,TER,BAF,NA,901,9,CNA_6/5/1-441-B,NA,NA,NA
0624CPMN1,2006,5,TER,BAF,NA,902,9,CNA_6/5/1-121-B,57,103,3625
0624CPMN1,2006,5,TER,BAF,NA,903,9,CNA_6/5/1-529-B,56,104,3125
0624CPMN1,2006,5,TER,BAF,NA,904,9,Carajas,56,124,3875
0624CPMN1,2006,5,TER,BAF,NA,905,9,CNA_6/5/1-583-B,62,133,2916
0624CPMN1,2006,5,TER,BAF,NA,906,9,CNA_6/5/1-92-B,NA,NA,NA
0624CPMN1,2006,5,TER,BAF,NA,907,9,CNA_6/5/1-335-B,NA,NA,NA
0624CPMN1,2006,5,TER,BAF,NA,908,9,CNA_6/5/1-408-B,65,137,4708
0624CPMN1,2006,5,TER,BAF,NA,909,9,CNA_6/5/1-434-B,57,120,2791
0624CPMN1,2006,5,TER,BAF,NA,910,9,CNA_6/5/1-403-B,56,121,3833
0624CPMN1,2006,5,TER,BAF,NA,911,9,CNA_6/5/1-111-B,NA,NA,NA
0624CPMN1,2006,5,TER,BAF,NA,912,9,Guarani,57,136,2541
0624CPMN1,2006,5,TER,BAF,NA,913,9,CNA_6/5/1-249-B,65,132,3166
0624CPMN1,2006,5,TER,BAF,NA,914,9,CNA_6/5/1-139-B,58,134,4208
0624CPMN1,2006,5,TER,BAF,NA,915,9,BRS_Bonanca,64,129,3625
0624CPMN1,2006,5,TER,BAF,NA,916,9,CNA_6/5/1-296-B,NA,NA,NA
0624CPMN1,2006,5,TER,BAF,NA,917,9,CNA_6/5/1-562-B,NA,NA,NA
0624CPMN1,2006,5,TER,BAF,NA,918,9,CNA_6/5/1-19-B,56,120,4208
0624CPMN1,2006,5,TER,BAF,NA,919,9,BRS_Primavera,58,131,3875
0624CPMN1,2006,5,TER,BAF,NA,920,9,CNA_6/5/1-188-B,NA,NA,NA
0624CPMN1,2006,5,TER,BAF,NA,921,9,CNA_6/5/1-327-B,58,107,3958
0624CPMN1,2006,5,TER,BAF,NA,922,9,CNA_6/5/1-559-B,NA,NA,NA
0624CPMN1,2006,5,TER,BAF,NA,923,9,CNA_6/5/1-172-B,55,120,4125
0624CPMN1,2006,5,TER,BAF,NA,924,9,CNA_6/5/1-504-B,NA,NA,NA
0624CPMN1,2006,5,TER,BAF,NA,1001,10,CNA_6/5/1-652-B,58,150,3416
0624CPMN1,2006,5,TER,BAF,NA,1002,10,CNA_6/5/1-99-B,57,130,3791
0624CPMN1,2006,5,TER,BAF,NA,1003,10,BRS_Bonanca,63,120,3166
0624CPMN1,2006,5,TER,BAF,NA,1004,10,CNA_6/5/1-418-B,NA,NA,NA
0624CPMN1,2006,5,TER,BAF,NA,1005,10,CNA_6/5/1-9-B,55,122,5291
0624CPMN1,2006,5,TER,BAF,NA,1006,10,CNA_6/5/1-11-B,NA,NA,NA
0624CPMN1,2006,5,TER,BAF,NA,1007,10,CNA_6/5/1-671-B,56,132,4125
0624CPMN1,2006,5,TER,BAF,NA,1008,10,CNA_6/5/1-124-B,57,125,3583
0624CPMN1,2006,5,TER,BAF,NA,1009,10,Carajas,58,115,3625
0624CPMN1,2006,5,TER,BAF,NA,1010,10,CNA_6/5/1-332-B,NA,NA,NA
0624CPMN1,2006,5,TER,BAF,NA,1011,10,CNA_6/5/1-522-B,NA,NA,NA
0624CPMN1,2006,5,TER,BAF,NA,1012,10,CNA_6/5/1-283-B,55,103,1708
0624CPMN1,2006,5,TER,BAF,NA,1013,10,CNA_6/5/1-431-B,NA,NA,NA
0624CPMN1,2006,5,TER,BAF,NA,1014,10,CNA_6/5/1-426-B,NA,NA,NA
0624CPMN1,2006,5,TER,BAF,NA,1015,10,CNA_6/5/1-367-B,NA,NA,NA
0624CPMN1,2006,5,TER,BAF,NA,1016,10,CNA_6/5/1-309-B,57,144,2958
0624CPMN1,2006,5,TER,BAF,NA,1017,10,CNA_6/5/1-293-B,60,125,2666
0624CPMN1,2006,5,TER,BAF,NA,1018,10,CNA_6/5/1-217-B,60,127,2666
0624CPMN1,2006,5,TER,BAF,NA,1019,10,Guarani,57,143,3166
0624CPMN1,2006,5,TER,BAF,NA,1020,10,CNA_6/5/1-508-B,NA,NA,NA
0624CPMN1,2006,5,TER,BAF,NA,1021,10,CNA_6/5/1-486-B,55,114,2958
0624CPMN1,2006,5,TER,BAF,NA,1022,10,BRS_Primavera,60,120,3791
0624CPMN1,2006,5,TER,BAF,NA,1023,10,CNA_6/5/1-537-B,NA,NA,NA
0624CPMN1,2006,5,TER,BAF,NA,1024,10,CNA_6/5/1-154-B,58,111,2958
A09ERF006,2009,6,SAG,BAF,1,104,1,BRS_Bonanca,95,78,1625
A09ERF006,2009,6,SAG,BAF,1,106,1,BRSMG_Curinga,100,92,1975
A09ERF006,2009,6,SAG,BAF,1,108,1,BRSMG_Curinga,102,77,483
A09ERF006,2009,6,SAG,BAF,1,114,1,BRS_Bonanca,93,81,2833
A09ERF006,2009,6,SAG,BAF,1,116,1,BRS_Sertaneja,99,93,1300
A09ERF006,2009,6,SAG,BAF,1,117,1,BRS_Primavera,88,97,NA
A09ERF006,2009,6,SAG,BAF,1,118,1,BRS_Primavera,91,81,NA
A09ERF006,2009,6,SAG,BAF,1,121,1,BRS_Sertaneja,103,78,308
A09ERF006,2009,6,SAG,BAF,1,206,2,BRS_Bonanca,99,66,708
A09ERF006,2009,6,SAG,BAF,1,207,2,BRS_Sertaneja,97,95,2317
A09ERF006,2009,6,SAG,BAF,1,214,2,BRS_Primavera,91,71,NA
A09ERF006,2009,6,SAG,BAF,1,215,2,BRSMG_Curinga,104,80,717
A09ERF006,2009,6,SAG,BAF,1,216,2,BRS_Sertaneja,100,88,908
A09ERF006,2009,6,SAG,BAF,1,218,2,BRSMG_Curinga,97,89,3317
A09ERF006,2009,6,SAG,BAF,1,220,2,BRS_Bonanca,91,92,4000
A09ERF006,2009,6,SAG,BAF,1,221,2,BRS_Primavera,88,100,1667
A09ERF006,2009,6,SAG,BAF,1,302,3,BRS_Sertaneja,100,91,1675
A09ERF006,2009,6,SAG,BAF,1,307,3,BRS_Primavera,88,93,1425
A09ERF006,2009,6,SAG,BAF,1,313,3,BRSMG_Curinga,99,89,2350
A09ERF006,2009,6,SAG,BAF,1,315,3,BRS_Bonanca,92,79,2883
A09ERF006,2009,6,SAG,BAF,1,402,4,BRS_Primavera,88,93,750
A09ERF006,2009,6,SAG,BAF,1,403,4,BRS_Bonanca,93,75,2458
A09ERF006,2009,6,SAG,BAF,1,416,4,BRS_Sertaneja,NA,NA,NA
A09ERF006,2009,6,SAG,BAF,1,420,4,BRSMG_Curinga,100,84,1808
A09ERF006,2009,6,SAG,BAF,1,501,1,CNA_6/6/1-11-B,93,104,1925
A09ERF006,2009,6,SAG,BAF,1,502,1,CNA_6/6/1-79-B,93,102,2100
A09ERF006,2009,6,SAG,BAF,1,503,1,CNA_6/6/1-16-B,99,103,1792
A09ERF006,2009,6,SAG,BAF,1,504,1,CNA_6/6/1-58-B,93,96,1958
A09ERF006,2009,6,SAG,BAF,1,505,1,CNA_6/6/1-31-B,93,96,2808
A09ERF006,2009,6,SAG,BAF,1,506,1,BRS_Bonanca,93,77,2100
A09ERF006,2009,6,SAG,BAF,1,507,1,CNA_6/6/1-34-B,99,93,1217
A09ERF006,2009,6,SAG,BAF,1,508,1,CNA_6/6/1-41-B,88,98,1842
A09ERF006,2009,6,SAG,BAF,1,509,1,CNA_6/6/1-19-B,97,112,1100
A09ERF006,2009,6,SAG,BAF,1,510,1,BRS_Primavera,88,100,NA
A09ERF006,2009,6,SAG,BAF,1,511,1,CNA_6/6/1-17-B,97,111,2025
A09ERF006,2009,6,SAG,BAF,1,512,1,CNA_6/6/1-71-B,97,114,2350
A09ERF006,2009,6,SAG,BAF,1,513,1,CNA_6/6/1-55-B,96,113,2667
A09ERF006,2009,6,SAG,BAF,1,514,1,BRS_Sertaneja,99,104,1008
A09ERF006,2009,6,SAG,BAF,1,515,1,CNA_6/6/1-35-B,97,105,1492
A09ERF006,2009,6,SAG,BAF,1,516,1,CNA_6/6/1-36-B,97,105,3175
A09ERF006,2009,6,SAG,BAF,1,517,1,CNA_6/6/1-52-B,93,104,2583
A09ERF006,2009,6,SAG,BAF,1,518,1,CNA_6/6/1-73-B,93,105,2458
A09ERF006,2009,6,SAG,BAF,1,519,1,CNA_6/6/1-61-B,88,96,1867
A09ERF006,2009,6,SAG,BAF,1,520,1,BRSMG_Curinga,99,93,1925
A09ERF006,2009,6,SAG,BAF,1,601,2,CNA_6/6/1-50-B,95,101,1908
A09ERF006,2009,6,SAG,BAF,1,602,2,CNA_6/6/1-29-B,92,101,1517
A09ERF006,2009,6,SAG,BAF,1,603,2,CNA_6/6/1-64-B,97,104,1167
A09ERF006,2009,6,SAG,BAF,1,604,2,CNA_6/6/1-56-B,90,97,1225
A09ERF006,2009,6,SAG,BAF,1,605,2,CNA_6/6/1-47-B,90,95,1900
A09ERF006,2009,6,SAG,BAF,1,606,2,CNA_6/6/1-38-B,92,91,2775
A09ERF006,2009,6,SAG,BAF,1,607,2,CNA_6/6/1-8-B,93,99,1333
A09ERF006,2009,6,SAG,BAF,1,608,2,CNA_6/6/1-70-B,99,99,1717
A09ERF006,2009,6,SAG,BAF,1,609,2,BRSMG_Curinga,101,81,1233
A09ERF006,2009,6,SAG,BAF,1,610,2,CNA_6/6/1-4-B,91,93,2375
A09ERF006,2009,6,SAG,BAF,1,611,2,BRS_Primavera,88,95,867
A09ERF006,2009,6,SAG,BAF,1,612,2,CNA_6/6/1-30-B,91,100,3083
A09ERF006,2009,6,SAG,BAF,1,613,2,CNA_6/6/1-21-B,96,104,2708
A09ERF006,2009,6,SAG,BAF,1,614,2,CNA_6/6/1-60-B,92,106,2875
A09ERF006,2009,6,SAG,BAF,1,615,2,CNA_6/6/1-67-B,NA,NA,NA
A09ERF006,2009,6,SAG,BAF,1,616,2,BRS_Bonanca,91,79,4667
A09ERF006,2009,6,SAG,BAF,1,617,2,CNA_6/6/1-18-B,91,106,2675
A09ERF006,2009,6,SAG,BAF,1,618,2,CNA_6/6/1-72-B,97,95,2367
A09ERF006,2009,6,SAG,BAF,1,619,2,BRS_Sertaneja,99,94,1392
A09ERF006,2009,6,SAG,BAF,1,701,3,CNA_6/6/1-39-B,96,105,2208
A09ERF006,2009,6,SAG,BAF,1,702,3,CNA_6/6/1-37-B,93,101,1650
A09ERF006,2009,6,SAG,BAF,1,703,3,CNA_6/6/1-43-B,93,108,1267
A09ERF006,2009,6,SAG,BAF,1,704,3,CNA_6/6/1-5-B,93,98,1875
A09ERF006,2009,6,SAG,BAF,1,705,3,BRS_Primavera,89,80,NA
A09ERF006,2009,6,SAG,BAF,1,706,3,CNA_6/6/1-78-B,100,102,1167
A09ERF006,2009,6,SAG,BAF,1,707,3,BRSMG_Curinga,101,95,242
A09ERF006,2009,6,SAG,BAF,1,708,3,CNA_6/6/1-32-B,93,92,1908
A09ERF006,2009,6,SAG,BAF,1,709,3,CNA_6/6/1-27-B,93,75,2042
A09ERF006,2009,6,SAG,BAF,1,710,3,BRS_Bonanca,95,96,1617
A09ERF006,2009,6,SAG,BAF,1,711,3,CNA_6/6/1-2-B,88,92,1017
A09ERF006,2009,6,SAG,BAF,1,712,3,BRS_Sertaneja,97,90,1450
A09ERF006,2009,6,SAG,BAF,1,713,3,CNA_6/6/1-15-B,91,95,1992
A09ERF006,2009,6,SAG,BAF,1,714,3,CNA_6/6/1-20-B,99,111,2925
A09ERF006,2009,6,SAG,BAF,1,715,3,CNA_6/6/1-51-B,92,97,3508
A09ERF006,2009,6,SAG,BAF,1,716,3,CNA_6/6/1-45-B,92,93,1942
A09ERF006,2009,6,SAG,BAF,1,717,3,CNA_6/6/1-24-B,91,90,2233
A09ERF006,2009,6,SAG,BAF,1,718,3,CNA_6/6/1-74-B,98,92,2358
A09ERF006,2009,6,SAG,BAF,1,719,3,CNA_6/6/1-42-B,99,92,1767
A09ERF006,2009,6,SAG,BAF,1,801,4,CNA_6/6/1-7-B,92,106,2525
A09ERF006,2009,6,SAG,BAF,1,802,4,CNA_6/6/1-68-B,96,88,1150
A09ERF006,2009,6,SAG,BAF,1,803,4,CNA_6/6/1-63-B,88,95,1542
A09ERF006,2009,6,SAG,BAF,1,804,4,CNA_6/6/1-9-B,92,90,1150
A09ERF006,2009,6,SAG,BAF,1,805,4,CNA_6/6/1-10-B,95,92,1658
A09ERF006,2009,6,SAG,BAF,1,806,4,CNA_6/6/1-49-B,99,102,1508
A09ERF006,2009,6,SAG,BAF,1,807,4,CNA_6/6/1-69-B,92,95,1108
A09ERF006,2009,6,SAG,BAF,1,808,4,CNA_6/6/1-59-B,99,83,758
A09ERF006,2009,6,SAG,BAF,1,809,4,CNA_6/6/1-25-B,99,81,967
A09ERF006,2009,6,SAG,BAF,1,810,4,CNA_6/6/1-57-B,90,73,775
A09ERF006,2009,6,SAG,BAF,1,811,4,BRS_Bonanca,95,74,883
A09ERF006,2009,6,SAG,BAF,1,812,4,BRS_Primavera,88,89,475
A09ERF006,2009,6,SAG,BAF,1,813,4,BRS_Sertaneja,99,86,1058
A09ERF006,2009,6,SAG,BAF,1,814,4,BRSMG_Curinga,99,76,1108
A09ERF006,2009,6,SAG,BAF,1,815,4,CNA_6/6/1-12-B,97,76,1050
A09ERF006,2009,6,SAG,BAF,1,816,4,CNA_6/6/1-53-B,93,90,1450
A09ERF006,2009,6,SAG,BAF,1,817,4,CNA_6/6/1-13-B,93,83,1933
A09ERF006,2009,6,SAG,BAF,1,818,4,CNA_6/6/1-40-B,92,82,1725
A09ERF006,2009,6,SAG,BAF,1,819,4,CNA_6/6/1-33-B,94,89,2367
A09ERF009,2009,6,SAG,BAF,1,103,1,BRSMG_Curinga,90,110,3525
A09ERF009,2009,6,SAG,BAF,1,103,1,BRS_Sertaneja,82,115,5008
A09ERF009,2009,6,SAG,BAF,1,109,1,BRSMG_Curinga,90,104,4058
A09ERF009,2009,6,SAG,BAF,1,113,1,BRS_Bonanca,82,99,3942
A09ERF009,2009,6,SAG,BAF,1,114,1,BRS_Bonanca,82,104,4208
A09ERF009,2009,6,SAG,BAF,1,115,1,BRS_Primavera,75,108,2142
A09ERF009,2009,6,SAG,BAF,1,116,1,BRS_Sertaneja,82,120,5375
A09ERF009,2009,6,SAG,BAF,1,117,1,BRS_Primavera,76,118,2183
A09ERF009,2009,6,SAG,BAF,1,202,2,BRS_Bonanca,84,110,3492
A09ERF009,2009,6,SAG,BAF,1,207,2,BRS_Bonanca,82,98,4708
A09ERF009,2009,6,SAG,BAF,1,208,2,BRSMG_Curinga,91,99,3217
A09ERF009,2009,6,SAG,BAF,1,208,2,BRS_Primavera,76,116,2558
A09ERF009,2009,6,SAG,BAF,1,210,2,BRS_Primavera,76,102,2392
A09ERF009,2009,6,SAG,BAF,1,212,2,BRS_Sertaneja,82,125,4608
A09ERF009,2009,6,SAG,BAF,1,220,2,BRSMG_Curinga,90,108,4533
A09ERF009,2009,6,SAG,BAF,1,221,2,BRS_Sertaneja,82,115,4383
A09ERF009,2009,6,SAG,BAF,1,313,3,BRSMG_Curinga,91,103,4367
A09ERF009,2009,6,SAG,BAF,1,317,3,BRS_Sertaneja,82,110,4142
A09ERF009,2009,6,SAG,BAF,1,318,3,BRS_Primavera,76,106,2108
A09ERF009,2009,6,SAG,BAF,1,319,3,BRS_Bonanca,82,103,4242
A09ERF009,2009,6,SAG,BAF,1,406,4,BRS_Primavera,76,116,2367
A09ERF009,2009,6,SAG,BAF,1,408,4,BRSMG_Curinga,90,112,2775
A09ERF009,2009,6,SAG,BAF,1,420,4,BRS_Bonanca,82,105,3892
A09ERF009,2009,6,SAG,BAF,1,421,4,BRS_Sertaneja,82,114,4567
A09ERF009,2009,6,SAG,BAF,1,501,1,BRS_Sertaneja,82,120,4767
A09ERF009,2009,6,SAG,BAF,1,502,1,BRS_Primavera,76,112,2067
A09ERF009,2009,6,SAG,BAF,1,503,1,CNA_6/6/1-47-B,72,119,2900
A09ERF009,2009,6,SAG,BAF,1,504,1,CNA_6/6/1-64-B,84,130,3642
A09ERF009,2009,6,SAG,BAF,1,505,1,CNA_6/6/1-5-B,78,110,3058
A09ERF009,2009,6,SAG,BAF,1,506,1,CNA_6/6/1-2-B,86,134,1842
A09ERF009,2009,6,SAG,BAF,1,507,1,CNA_6/6/1-32-B,89,125,2775
A09ERF009,2009,6,SAG,BAF,1,508,1,BRSMG_Curinga,90,100,2817
A09ERF009,2009,6,SAG,BAF,1,509,1,BRS_Bonanca,82,105,4325
A09ERF009,2009,6,SAG,BAF,1,510,1,CNA_6/6/1-58-B,80,118,3492
A09ERF009,2009,6,SAG,BAF,1,511,1,CNA_6/6/1-59-B,78,115,4167
A09ERF009,2009,6,SAG,BAF,1,512,1,CNA_6/6/1-72-B,82,122,3067
A09ERF009,2009,6,SAG,BAF,1,513,1,CNA_6/6/1-79-B,78,126,3308
A09ERF009,2009,6,SAG,BAF,1,514,1,CNA_6/6/1-53-B,82,140,4117
A09ERF009,2009,6,SAG,BAF,1,515,1,CNA_6/6/1-36-B,77,120,2908
A09ERF009,2009,6,SAG,BAF,1,516,1,CNA_6/6/1-35-B,79,118,2208
A09ERF009,2009,6,SAG,BAF,1,517,1,CNA_6/6/1-49-B,91,130,1858
A09ERF009,2009,6,SAG,BAF,1,518,1,CNA_6/6/1-40-B,77,120,3475
A09ERF009,2009,6,SAG,BAF,1,519,1,CNA_6/6/1-30-B,78,122,3800
A09ERF009,2009,6,SAG,BAF,1,520,1,CNA_6/6/1-15-B,77,118,3300
A09ERF009,2009,6,SAG,BAF,1,601,2,CNA_6/6/1-69-B,77,114,3758
A09ERF009,2009,6,SAG,BAF,1,602,2,BRS_Bonanca,82,98,4125
A09ERF009,2009,6,SAG,BAF,1,603,2,CNA_6/6/1-68-B,82,116,3150
A09ERF009,2009,6,SAG,BAF,1,604,2,CNA_6/6/1-78-B,86,130,3967
A09ERF009,2009,6,SAG,BAF,1,605,2,CNA_6/6/1-4-B,82,103,3250
A09ERF009,2009,6,SAG,BAF,1,606,2,CNA_6/6/1-16-B,84,120,2650
A09ERF009,2009,6,SAG,BAF,1,607,2,CNA_6/6/1-55-B,79,130,3733
A09ERF009,2009,6,SAG,BAF,1,608,2,CNA_6/6/1-70-B,82,125,3875
A09ERF009,2009,6,SAG,BAF,1,609,2,CNA_6/6/1-8-B,82,120,2233
A09ERF009,2009,6,SAG,BAF,1,610,2,CNA_6/6/1-10-B,84,105,3267
A09ERF009,2009,6,SAG,BAF,1,611,2,BRSMG_Curinga,91,104,3492
A09ERF009,2009,6,SAG,BAF,1,612,2,CNA_6/6/1-20-B,84,115,3275
A09ERF009,2009,6,SAG,BAF,1,613,2,CNA_6/6/1-41-B,77,113,3608
A09ERF009,2009,6,SAG,BAF,1,614,2,BRS_Primavera,75,102,1433
A09ERF009,2009,6,SAG,BAF,1,615,2,CNA_6/6/1-71-B,82,114,2817
A09ERF009,2009,6,SAG,BAF,1,616,2,BRS_Sertaneja,80,115,4167
A09ERF009,2009,6,SAG,BAF,1,617,2,CNA_6/6/1-18-B,82,120,3208
A09ERF009,2009,6,SAG,BAF,1,618,2,CNA_6/6/1-11-B,78,130,2850
A09ERF009,2009,6,SAG,BAF,1,619,2,CNA_6/6/1-61-B,76,120,2750
A09ERF009,2009,6,SAG,BAF,1,701,3,CNA_6/6/1-63-B,77,122,3817
A09ERF009,2009,6,SAG,BAF,1,702,3,BRS_Primavera,76,105,1783
A09ERF009,2009,6,SAG,BAF,1,703,3,CNA_6/6/1-31-B,77,125,4117
A09ERF009,2009,6,SAG,BAF,1,704,3,BRS_Bonanca,82,104,3017
A09ERF009,2009,6,SAG,BAF,1,705,3,CNA_6/6/1-12-B,78,112,3517
A09ERF009,2009,6,SAG,BAF,1,706,3,CNA_6/6/1-73-B,82,123,4292
A09ERF009,2009,6,SAG,BAF,1,707,3,CNA_6/6/1-67-B,80,120,3600
A09ERF009,2009,6,SAG,BAF,1,708,3,CNA_6/6/1-43-B,82,130,3067
A09ERF009,2009,6,SAG,BAF,1,709,3,CNA_6/6/1-24-B,77,130,1983
A09ERF009,2009,6,SAG,BAF,1,710,3,CNA_6/6/1-9-B,78,132,5125
A09ERF009,2009,6,SAG,BAF,1,711,3,CNA_6/6/1-33-B,82,128,2417
A09ERF009,2009,6,SAG,BAF,1,712,3,CNA_6/6/1-51-B,86,108,3333
A09ERF009,2009,6,SAG,BAF,1,713,3,BRSMG_Curinga,90,107,3000
A09ERF009,2009,6,SAG,BAF,1,714,3,BRS_Sertaneja,82,107,4625
A09ERF009,2009,6,SAG,BAF,1,715,3,CNA_6/6/1-45-B,80,120,3775
A09ERF009,2009,6,SAG,BAF,1,716,3,CNA_6/6/1-57-B,76,106,3075
A09ERF009,2009,6,SAG,BAF,1,717,3,CNA_6/6/1-60-B,77,110,3500
A09ERF009,2009,6,SAG,BAF,1,718,3,CNA_6/6/1-13-B,78,118,4408
A09ERF009,2009,6,SAG,BAF,1,719,3,CNA_6/6/1-29-B,78,115,3308
A09ERF009,2009,6,SAG,BAF,1,801,4,BRS_Bonanca,82,95,3575
A09ERF009,2009,6,SAG,BAF,1,802,4,CNA_6/6/1-74-B,84,115,3983
A09ERF009,2009,6,SAG,BAF,1,803,4,BRS_Sertaneja,82,125,4908
A09ERF009,2009,6,SAG,BAF,1,804,4,CNA_6/6/1-34-B,84,130,1217
A09ERF009,2009,6,SAG,BAF,1,805,4,CNA_6/6/1-19-B,78,132,2792
A09ERF009,2009,6,SAG,BAF,1,806,4,CNA_6/6/1-50-B,82,125,3675
A09ERF009,2009,6,SAG,BAF,1,807,4,CNA_6/6/1-52-B,82,115,5158
A09ERF009,2009,6,SAG,BAF,1,808,4,CNA_6/6/1-42-B,86,120,4708
A09ERF009,2009,6,SAG,BAF,1,809,4,CNA_6/6/1-21-B,79,126,4125
A09ERF009,2009,6,SAG,BAF,1,810,4,CNA_6/6/1-56-B,76,121,3883
A09ERF009,2009,6,SAG,BAF,1,811,4,BRSMG_Curinga,90,101,2558
A09ERF009,2009,6,SAG,BAF,1,812,4,CNA_6/6/1-38-B,86,116,2358
A09ERF009,2009,6,SAG,BAF,1,813,4,CNA_6/6/1-39-B,86,116,2500
A09ERF009,2009,6,SAG,BAF,1,814,4,CNA_6/6/1-17-B,78,122,3058
A09ERF009,2009,6,SAG,BAF,1,815,4,CNA_6/6/1-25-B,82,112,3933
A09ERF009,2009,6,SAG,BAF,1,816,4,CNA_6/6/1-7-B,78,114,2350
A09ERF009,2009,6,SAG,BAF,1,817,4,BRS_Primavera,75,115,1908
A09ERF009,2009,6,SAG,BAF,1,818,4,CNA_6/6/1-27-B,89,104,2017
A09ERF009,2009,6,SAG,BAF,1,819,4,CNA_6/6/1-37-B,82,118,3992
A09ERF008,2009,6,SIN,BAF,1,101,1,BRSMG_Curinga,85,80,3073
A09ERF008,2009,6,SIN,BAF,1,102,1,BRS_Sertaneja,85,99,4387
A09ERF008,2009,6,SIN,BAF,1,104,1,BRS_Sertaneja,83,106,3953
A09ERF008,2009,6,SIN,BAF,1,106,1,BRS_Bonanca,77,92,3447
A09ERF008,2009,6,SIN,BAF,1,113,1,BRS_Primavera,74,123,5440
A09ERF008,2009,6,SIN,BAF,1,114,1,BRSMG_Curinga,83,97,3753
A09ERF008,2009,6,SIN,BAF,1,118,1,BRS_Primavera,73,107,3107
A09ERF008,2009,6,SIN,BAF,1,119,1,BRS_Bonanca,76,122,6260
A09ERF008,2009,6,SIN,BAF,1,203,2,BRS_Bonanca,76,97,3527
A09ERF008,2009,6,SIN,BAF,1,204,2,BRS_Sertaneja,85,91,3100
A09ERF008,2009,6,SIN,BAF,1,205,2,BRS_Sertaneja,85,110,3493
A09ERF008,2009,6,SIN,BAF,1,206,2,BRS_Bonanca,76,116,4707
A09ERF008,2009,6,SIN,BAF,1,209,2,BRS_Primavera,72,100,3520
A09ERF008,2009,6,SIN,BAF,1,210,2,BRS_Primavera,74,122,4173
A09ERF008,2009,6,SIN,BAF,1,214,2,BRSMG_Curinga,84,90,3747
A09ERF008,2009,6,SIN,BAF,1,220,2,BRSMG_Curinga,85,90,2700
A09ERF008,2009,6,SIN,BAF,1,302,3,BRSMG_Curinga,85,88,2060
A09ERF008,2009,6,SIN,BAF,1,305,3,BRS_Bonanca,76,94,2820
A09ERF008,2009,6,SIN,BAF,1,308,3,BRS_Primavera,72,109,3393
A09ERF008,2009,6,SIN,BAF,1,312,3,BRS_Sertaneja,85,111,4907
A09ERF008,2009,6,SIN,BAF,1,408,4,BRSMG_Curinga,85,92,3333
A09ERF008,2009,6,SIN,BAF,1,415,4,BRS_Primavera,72,102,2760
A09ERF008,2009,6,SIN,BAF,1,416,4,BRS_Sertaneja,85,120,4627
A09ERF008,2009,6,SIN,BAF,1,420,4,BRS_Bonanca,77,109,2913
A09ERF008,2009,6,SIN,BAF,1,501,1,BRS_Primavera,74,93,2493
A09ERF008,2009,6,SIN,BAF,1,502,1,CNA_6/6/1-36-B,79,96,3620
A09ERF008,2009,6,SIN,BAF,1,503,1,CNA_6/6/1-61-B,76,104,2740
A09ERF008,2009,6,SIN,BAF,1,504,1,CNA_6/6/1-30-B,79,120,3847
A09ERF008,2009,6,SIN,BAF,1,505,1,CNA_6/6/1-7-B,87,113,4647
A09ERF008,2009,6,SIN,BAF,1,506,1,CNA_6/6/1-13-B,89,128,3260
A09ERF008,2009,6,SIN,BAF,1,507,1,BRS_Sertaneja,85,112,5740
A09ERF008,2009,6,SIN,BAF,1,508,1,CNA_6/6/1-56-B,83,127,5247
A09ERF008,2009,6,SIN,BAF,1,509,1,CNA_6/6/1-52-B,87,120,3413
A09ERF008,2009,6,SIN,BAF,1,510,1,CNA_6/6/1-9-B,85,131,4307
A09ERF008,2009,6,SIN,BAF,1,511,1,CNA_6/6/1-27-B,89,110,3233
A09ERF008,2009,6,SIN,BAF,1,512,1,CNA_6/6/1-37-B,87,114,4513
A09ERF008,2009,6,SIN,BAF,1,513,1,CNA_6/6/1-8-B,85,115,5213
A09ERF008,2009,6,SIN,BAF,1,514,1,CNA_6/6/1-20-B,90,119,2960
A09ERF008,2009,6,SIN,BAF,1,515,1,CNA_6/6/1-10-B,85,118,3407
A09ERF008,2009,6,SIN,BAF,1,516,1,CNA_6/6/1-71-B,90,97,2980
A09ERF008,2009,6,SIN,BAF,1,517,1,CNA_6/6/1-4-B,85,97,2527
A09ERF008,2009,6,SIN,BAF,1,518,1,BRS_Bonanca,77,99,3160
A09ERF008,2009,6,SIN,BAF,1,519,1,CNA_6/6/1-43-B,87,102,2273
A09ERF008,2009,6,SIN,BAF,1,520,1,BRSMG_Curinga,83,100,2967
A09ERF008,2009,6,SIN,BAF,1,601,2,CNA_6/6/1-5-B,87,97,4280
A09ERF008,2009,6,SIN,BAF,1,602,2,BRS_Sertaneja,85,108,3100
A09ERF008,2009,6,SIN,BAF,1,603,2,CNA_6/6/1-70-B,85,107,4693
A09ERF008,2009,6,SIN,BAF,1,604,2,CNA_6/6/1-40-B,87,109,4333
A09ERF008,2009,6,SIN,BAF,1,605,2,BRS_Primavera,74,108,3840
A09ERF008,2009,6,SIN,BAF,1,606,2,CNA_6/6/1-73-B,87,112,5227
A09ERF008,2009,6,SIN,BAF,1,607,2,CNA_6/6/1-67-B,87,110,4293
A09ERF008,2009,6,SIN,BAF,1,608,2,BRSMG_Curinga,83,119,5180
A09ERF008,2009,6,SIN,BAF,1,609,2,CNA_6/6/1-55-B,85,125,4067
A09ERF008,2009,6,SIN,BAF,1,610,2,CNA_6/6/1-64-B,83,120,3560
A09ERF008,2009,6,SIN,BAF,1,611,2,CNA_6/6/1-50-B,87,122,3600
A09ERF008,2009,6,SIN,BAF,1,612,2,CNA_6/6/1-24-B,89,127,3773
A09ERF008,2009,6,SIN,BAF,1,613,2,CNA_6/6/1-16-B,92,135,5607
A09ERF008,2009,6,SIN,BAF,1,614,2,CNA_6/6/1-35-B,83,119,4233
A09ERF008,2009,6,SIN,BAF,1,615,2,CNA_6/6/1-79-B,85,115,4367
A09ERF008,2009,6,SIN,BAF,1,616,2,BRS_Bonanca,77,85,2407
A09ERF008,2009,6,SIN,BAF,1,617,2,CNA_6/6/1-33-B,83,98,2627
A09ERF008,2009,6,SIN,BAF,1,618,2,CNA_6/6/1-42-B,89,110,2873
A09ERF008,2009,6,SIN,BAF,1,619,2,CNA_6/6/1-17-B,89,112,3453
A09ERF008,2009,6,SIN,BAF,1,701,3,CNA_6/6/1-51-B,87,111,4620
A09ERF008,2009,6,SIN,BAF,1,702,3,BRS_Primavera,72,113,5107
A09ERF008,2009,6,SIN,BAF,1,703,3,BRSMG_Curinga,83,93,5100
A09ERF008,2009,6,SIN,BAF,1,704,3,CNA_6/6/1-21-B,87,96,2607
A09ERF008,2009,6,SIN,BAF,1,705,3,CNA_6/6/1-58-B,89,112,2673
A09ERF008,2009,6,SIN,BAF,1,706,3,CNA_6/6/1-11-B,83,111,4347
A09ERF008,2009,6,SIN,BAF,1,707,3,BRS_Sertaneja,85,113,5887
A09ERF008,2009,6,SIN,BAF,1,708,3,BRS_Bonanca,76,107,3760
A09ERF008,2009,6,SIN,BAF,1,709,3,CNA_6/6/1-12-B,85,108,4420
A09ERF008,2009,6,SIN,BAF,1,710,3,CNA_6/6/1-60-B,83,125,6380
A09ERF008,2009,6,SIN,BAF,1,711,3,CNA_6/6/1-25-B,87,133,4693
A09ERF008,2009,6,SIN,BAF,1,712,3,CNA_6/6/1-72-B,87,122,5687
A09ERF008,2009,6,SIN,BAF,1,713,3,CNA_6/6/1-53-B,85,122,4813
A09ERF008,2009,6,SIN,BAF,1,714,3,CNA_6/6/1-59-B,84,112,4680
A09ERF008,2009,6,SIN,BAF,1,715,3,CNA_6/6/1-19-B,85,119,3453
A09ERF008,2009,6,SIN,BAF,1,716,3,CNA_6/6/1-45-B,85,111,4553
A09ERF008,2009,6,SIN,BAF,1,717,3,CNA_6/6/1-41-B,87,99,2973
A09ERF008,2009,6,SIN,BAF,1,718,3,CNA_6/6/1-47-B,85,124,4767
A09ERF008,2009,6,SIN,BAF,1,719,3,CNA_6/6/1-15-B,85,123,4700
A09ERF008,2009,6,SIN,BAF,1,801,4,CNA_6/6/1-32-B,89,90,3160
A09ERF008,2009,6,SIN,BAF,1,802,4,CNA_6/6/1-63-B,87,95,2367
A09ERF008,2009,6,SIN,BAF,1,803,4,CNA_6/6/1-69-B,87,95,3307
A09ERF008,2009,6,SIN,BAF,1,804,4,CNA_6/6/1-74-B,87,98,2620
A09ERF008,2009,6,SIN,BAF,1,805,4,CNA_6/6/1-39-B,87,98,1893
A09ERF008,2009,6,SIN,BAF,1,806,4,CNA_6/6/1-31-B,85,122,3113
A09ERF008,2009,6,SIN,BAF,1,807,4,CNA_6/6/1-34-B,85,100,2800
A09ERF008,2009,6,SIN,BAF,1,808,4,CNA_6/6/1-68-B,87,94,2313
A09ERF008,2009,6,SIN,BAF,1,809,4,CNA_6/6/1-2-B,86,113,2480
A09ERF008,2009,6,SIN,BAF,1,810,4,CNA_6/6/1-57-B,85,123,3533
A09ERF008,2009,6,SIN,BAF,1,811,4,BRS_Bonanca,78,107,3000
A09ERF008,2009,6,SIN,BAF,1,812,4,CNA_6/6/1-29-B,87,115,3627
A09ERF008,2009,6,SIN,BAF,1,813,4,BRSMG_Curinga,85,113,4760
A09ERF008,2009,6,SIN,BAF,1,814,4,CNA_6/6/1-38-B,85,114,4660
A09ERF008,2009,6,SIN,BAF,1,815,4,BRS_Sertaneja,85,120,6227
A09ERF008,2009,6,SIN,BAF,1,816,4,CNA_6/6/1-18-B,85,128,4860
A09ERF008,2009,6,SIN,BAF,1,817,4,CNA_6/6/1-49-B,87,122,2360
A09ERF008,2009,6,SIN,BAF,1,818,4,CNA_6/6/1-78-B,88,121,4873
A09ERF008,2009,6,SIN,BAF,1,819,4,BRS_Primavera,73,120,3467
A09ERF007,2009,6,PAR,BAF,1,104,1,BRS_Bonanca,75,71,2600
A09ERF007,2009,6,PAR,BAF,1,105,1,BRSMG_Curinga,80,87,1050
A09ERF007,2009,6,PAR,BAF,1,106,1,BRS_Sertaneja,72,88,2700
A09ERF007,2009,6,PAR,BAF,1,110,1,BRSMG_Curinga,86,78,1050
A09ERF007,2009,6,PAR,BAF,1,110,1,BRS_Primavera,72,91,3725
A09ERF007,2009,6,PAR,BAF,1,118,1,BRS_Bonanca,79,86,3200
A09ERF007,2009,6,PAR,BAF,1,119,1,BRS_Primavera,75,78,3100
A09ERF007,2009,6,PAR,BAF,1,122,1,BRS_Sertaneja,75,73,2500
A09ERF007,2009,6,PAR,BAF,1,203,2,BRSMG_Curinga,82,77,775
A09ERF007,2009,6,PAR,BAF,1,209,2,BRSMG_Curinga,82,82,950
A09ERF007,2009,6,PAR,BAF,1,210,2,BRS_Bonanca,79,82,4000
A09ERF007,2009,6,PAR,BAF,1,211,2,BRS_Bonanca,75,73,3300
A09ERF007,2009,6,PAR,BAF,1,212,2,BRS_Sertaneja,75,87,3100
A09ERF007,2009,6,PAR,BAF,1,215,2,BRS_Primavera,72,93,3675
A09ERF007,2009,6,PAR,BAF,1,218,2,BRS_Sertaneja,86,86,2050
A09ERF007,2009,6,PAR,BAF,1,221,2,BRS_Primavera,72,82,4075
A09ERF007,2009,6,PAR,BAF,1,301,3,BRS_Bonanca,75,71,4325
A09ERF007,2009,6,PAR,BAF,1,309,3,BRSMG_Curinga,82,82,575
A09ERF007,2009,6,PAR,BAF,1,311,3,BRS_Sertaneja,72,79,3500
A09ERF007,2009,6,PAR,BAF,1,313,3,BRS_Primavera,75,104,4950
A09ERF007,2009,6,PAR,BAF,1,404,4,BRSMG_Curinga,79,79,1250
A09ERF007,2009,6,PAR,BAF,1,411,4,BRS_Sertaneja,72,82,3550
A09ERF007,2009,6,PAR,BAF,1,416,4,BRS_Bonanca,75,84,2750
A09ERF007,2009,6,PAR,BAF,1,417,4,BRS_Primavera,72,93,NA
A09ERF007,2009,6,PAR,BAF,1,501,1,CNA_6/6/1-21-B,66,76,1875
A09ERF007,2009,6,PAR,BAF,1,502,1,CNA_6/6/1-64-B,63,74,3000
A09ERF007,2009,6,PAR,BAF,1,503,1,CNA_6/6/1-25-B,66,77,1800
A09ERF007,2009,6,PAR,BAF,1,504,1,CNA_6/6/1-56-B,63,71,2175
A09ERF007,2009,6,PAR,BAF,1,505,1,CNA_6/6/1-40-B,75,76,1125
A09ERF007,2009,6,PAR,BAF,1,506,1,CNA_6/6/1-67-B,63,72,950
A09ERF007,2009,6,PAR,BAF,1,507,1,BRS_Primavera,68,85,2700
A09ERF007,2009,6,PAR,BAF,1,508,1,BRSMG_Curinga,79,82,650
A09ERF007,2009,6,PAR,BAF,1,509,1,CNA_6/6/1-4-B,63,70,1825
A09ERF007,2009,6,PAR,BAF,1,510,1,CNA_6/6/1-78-B,72,89,1700
A09ERF007,2009,6,PAR,BAF,1,511,1,CNA_6/6/1-8-B,66,73,2050
A09ERF007,2009,6,PAR,BAF,1,512,1,CNA_6/6/1-70-B,66,81,2525
A09ERF007,2009,6,PAR,BAF,1,513,1,CNA_6/6/1-49-B,79,79,700
A09ERF007,2009,6,PAR,BAF,1,514,1,CNA_6/6/1-74-B,66,77,2100
A09ERF007,2009,6,PAR,BAF,1,515,1,CNA_6/6/1-9-B,63,77,2700
A09ERF007,2009,6,PAR,BAF,1,516,1,CNA_6/6/1-35-B,63,72,2775
A09ERF007,2009,6,PAR,BAF,1,517,1,CNA_6/6/1-12-B,66,72,1950
A09ERF007,2009,6,PAR,BAF,1,518,1,CNA_6/6/1-18-B,68,83,1850
A09ERF007,2009,6,PAR,BAF,1,519,1,BRS_Sertaneja,72,89,2950
A09ERF007,2009,6,PAR,BAF,1,520,1,BRS_Bonanca,75,79,5525
A09ERF007,2009,6,PAR,BAF,1,601,2,CNA_6/6/1-60-B,68,76,5125
A09ERF007,2009,6,PAR,BAF,1,602,2,BRS_Primavera,72,87,4475
A09ERF007,2009,6,PAR,BAF,1,603,2,CNA_6/6/1-42-B,66,73,2775
A09ERF007,2009,6,PAR,BAF,1,604,2,CNA_6/6/1-68-B,75,82,4400
A09ERF007,2009,6,PAR,BAF,1,605,2,BRS_Sertaneja,72,82,2300
A09ERF007,2009,6,PAR,BAF,1,606,2,CNA_6/6/1-27-B,75,69,1525
A09ERF007,2009,6,PAR,BAF,1,607,2,CNA_6/6/1-15-B,66,76,2575
A09ERF007,2009,6,PAR,BAF,1,608,2,CNA_6/6/1-55-B,66,79,2700
A09ERF007,2009,6,PAR,BAF,1,609,2,CNA_6/6/1-47-B,63,77,1775
A09ERF007,2009,6,PAR,BAF,1,610,2,CNA_6/6/1-57-B,66,77,2950
A09ERF007,2009,6,PAR,BAF,1,611,2,CNA_6/6/1-7-B,68,80,1450
A09ERF007,2009,6,PAR,BAF,1,612,2,CNA_6/6/1-36-B,63,78,2675
A09ERF007,2009,6,PAR,BAF,1,613,2,CNA_6/6/1-41-B,63,87,3100
A09ERF007,2009,6,PAR,BAF,1,614,2,CNA_6/6/1-69-B,66,81,2000
A09ERF007,2009,6,PAR,BAF,1,615,2,BRS_Bonanca,75,81,2275
A09ERF007,2009,6,PAR,BAF,1,616,2,BRSMG_Curinga,63,77,2075
A09ERF007,2009,6,PAR,BAF,1,617,2,CNA_6/6/1-39-B,68,83,1750
A09ERF007,2009,6,PAR,BAF,1,618,2,CNA_6/6/1-16-B,66,74,3175
A09ERF007,2009,6,PAR,BAF,1,619,2,CNA_6/6/1-29-B,63,68,3000
A09ERF007,2009,6,PAR,BAF,1,701,3,CNA_6/6/1-45-B,68,78,4000
A09ERF007,2009,6,PAR,BAF,1,702,3,CNA_6/6/1-61-B,64,76,3250
A09ERF007,2009,6,PAR,BAF,1,703,3,CNA_6/6/1-59-B,66,71,3000
A09ERF007,2009,6,PAR,BAF,1,704,3,CNA_6/6/1-50-B,66,76,3000
A09ERF007,2009,6,PAR,BAF,1,705,3,CNA_6/6/1-33-B,79,86,1250
A09ERF007,2009,6,PAR,BAF,1,706,3,CNA_6/6/1-24-B,66,81,2475
A09ERF007,2009,6,PAR,BAF,1,707,3,CNA_6/6/1-5-B,63,73,2900
A09ERF007,2009,6,PAR,BAF,1,708,3,CNA_6/6/1-72-B,68,83,2600
A09ERF007,2009,6,PAR,BAF,1,709,3,BRS_Bonanca,75,79,2400
A09ERF007,2009,6,PAR,BAF,1,710,3,CNA_6/6/1-20-B,68,81,1675
A09ERF007,2009,6,PAR,BAF,1,711,3,CNA_6/6/1-37-B,66,69,3250
A09ERF007,2009,6,PAR,BAF,1,712,3,CNA_6/6/1-38-B,79,89,3075
A09ERF007,2009,6,PAR,BAF,1,713,3,CNA_6/6/1-11-B,66,73,3975
A09ERF007,2009,6,PAR,BAF,1,714,3,CNA_6/6/1-43-B,68,81,2600
A09ERF007,2009,6,PAR,BAF,1,715,3,BRS_Sertaneja,75,76,3450
A09ERF007,2009,6,PAR,BAF,1,716,3,CNA_6/6/1-63-B,66,71,2250
A09ERF007,2009,6,PAR,BAF,1,717,3,CNA_6/6/1-13-B,66,65,3025
A09ERF007,2009,6,PAR,BAF,1,718,3,BRSMG_Curinga,82,78,1475
A09ERF007,2009,6,PAR,BAF,1,719,3,BRS_Primavera,72,87,5375
A09ERF007,2009,6,PAR,BAF,1,801,4,CNA_6/6/1-30-B,68,82,3900
A09ERF007,2009,6,PAR,BAF,1,802,4,BRS_Primavera,72,93,4600
A09ERF007,2009,6,PAR,BAF,1,803,4,BRSMG_Curinga,82,78,1700
A09ERF007,2009,6,PAR,BAF,1,804,4,CNA_6/6/1-58-B,68,81,2700
A09ERF007,2009,6,PAR,BAF,1,805,4,CNA_6/6/1-2-B,63,70,2150
A09ERF007,2009,6,PAR,BAF,1,806,4,CNA_6/6/1-53-B,63,79,2300
A09ERF007,2009,6,PAR,BAF,1,807,4,CNA_6/6/1-17-B,68,80,2975
A09ERF007,2009,6,PAR,BAF,1,808,4,CNA_6/6/1-34-B,68,77,2075
A09ERF007,2009,6,PAR,BAF,1,809,4,CNA_6/6/1-32-B,82,78,2300
A09ERF007,2009,6,PAR,BAF,1,810,4,CNA_6/6/1-79-B,68,79,2300
A09ERF007,2009,6,PAR,BAF,1,811,4,BRS_Bonanca,79,75,2875
A09ERF007,2009,6,PAR,BAF,1,812,4,CNA_6/6/1-73-B,66,65,3000
A09ERF007,2009,6,PAR,BAF,1,813,4,CNA_6/6/1-31-B,68,82,3400
A09ERF007,2009,6,PAR,BAF,1,814,4,CNA_6/6/1-10-B,68,78,2350
A09ERF007,2009,6,PAR,BAF,1,815,4,CNA_6/6/1-71-B,79,78,1650
A09ERF007,2009,6,PAR,BAF,1,816,4,BRS_Sertaneja,79,82,2550
A09ERF007,2009,6,PAR,BAF,1,817,4,CNA_6/6/1-19-B,68,78,2750
A09ERF007,2009,6,PAR,BAF,1,818,4,CNA_6/6/1-52-B,68,84,3225
A09ERF007,2009,6,PAR,BAF,1,819,4,CNA_6/6/1-51-B,75,89,3400
A09ERF005,2009,6,POR,BAF,1,501,1,BRS_Sertaneja,71,91,5530
A09ERF005,2009,6,POR,BAF,1,502,1,CNA_6/6/1-74-B,59,93,2502
A09ERF005,2009,6,POR,BAF,1,503,1,CNA_6/6/1-24-B,58,95,1729
A09ERF005,2009,6,POR,BAF,1,504,1,BRS_Primavera,67,104,3725
A09ERF005,2009,6,POR,BAF,1,505,1,CNA_6/6/1-58-B,65,88,2174
A09ERF005,2009,6,POR,BAF,1,506,1,CNA_6/6/1-38-B,73,80,3354
A09ERF005,2009,6,POR,BAF,1,507,1,BRSMG_Curinga,81,79,3818
A09ERF005,2009,6,POR,BAF,1,508,1,CNA_6/6/1-7-B,57,91,2132
A09ERF005,2009,6,POR,BAF,1,509,1,CNA_6/6/1-17-B,52,101,2382
A09ERF005,2009,6,POR,BAF,1,510,1,CNA_6/6/1-18-B,59,97,1635
A09ERF005,2009,6,POR,BAF,1,511,1,CNA_6/6/1-56-B,52,101,1933
A09ERF005,2009,6,POR,BAF,1,512,1,CNA_6/6/1-41-B,58,99,2546
A09ERF005,2009,6,POR,BAF,1,513,1,CNA_6/6/1-5-B,53,100,3147
A09ERF005,2009,6,POR,BAF,1,514,1,CNA_6/6/1-11-B,54,112,3603
A09ERF005,2009,6,POR,BAF,1,515,1,CNA_6/6/1-73-B,57,90,2452
A09ERF005,2009,6,POR,BAF,1,516,1,CNA_6/6/1-40-B,53,94,1005
A09ERF005,2009,6,POR,BAF,1,517,1,BRS_Bonanca,67,92,3113
A09ERF005,2009,6,POR,BAF,1,518,1,CNA_6/6/1-49-B,72,108,2649
A09ERF005,2009,6,POR,BAF,1,519,1,CNA_6/6/1-21-B,58,106,2192
A09ERF005,2009,6,POR,BAF,1,520,1,CNA_6/6/1-37-B,65,94,1969
A09ERF005,2009,6,POR,BAF,1,601,2,CNA_6/6/1-51-B,73,93,2384
A09ERF005,2009,6,POR,BAF,1,602,2,BRSMG_Curinga,74,99,3960
A09ERF005,2009,6,POR,BAF,1,603,2,BRS_Primavera,65,100,3362
A09ERF005,2009,6,POR,BAF,1,604,2,CNA_6/6/1-70-B,63,103,3306
A09ERF005,2009,6,POR,BAF,1,605,2,CNA_6/6/1-72-B,65,98,2194
A09ERF005,2009,6,POR,BAF,1,606,2,CNA_6/6/1-50-B,63,106,2847
A09ERF005,2009,6,POR,BAF,1,607,2,CNA_6/6/1-8-B,58,103,3292
A09ERF005,2009,6,POR,BAF,1,608,2,CNA_6/6/1-15-B,57,95,3651
A09ERF005,2009,6,POR,BAF,1,609,2,CNA_6/6/1-29-B,58,94,1519
A09ERF005,2009,6,POR,BAF,1,610,2,BRS_Sertaneja,70,104,3716
A09ERF005,2009,6,POR,BAF,1,611,2,CNA_6/6/1-36-B,59,105,1968
A09ERF005,2009,6,POR,BAF,1,612,2,BRS_Bonanca,68,93,2801
A09ERF005,2009,6,POR,BAF,1,613,2,CNA_6/6/1-25-B,63,105,3141
A09ERF005,2009,6,POR,BAF,1,614,2,CNA_6/6/1-71-B,58,104,2719
A09ERF005,2009,6,POR,BAF,1,615,2,CNA_6/6/1-69-B,59,95,2670
A09ERF005,2009,6,POR,BAF,1,616,2,CNA_6/6/1-30-B,57,102,2373
A09ERF005,2009,6,POR,BAF,1,617,2,CNA_6/6/1-67-B,57,106,2175
A09ERF005,2009,6,POR,BAF,1,618,2,CNA_6/6/1-16-B,58,96,3039
A09ERF005,2009,6,POR,BAF,1,619,2,CNA_6/6/1-59-B,56,98,2478
A09ERF005,2009,6,POR,BAF,1,701,3,CNA_6/6/1-42-B,66,102,2698
A09ERF005,2009,6,POR,BAF,1,702,3,CNA_6/6/1-64-B,63,102,2355
A09ERF005,2009,6,POR,BAF,1,703,3,CNA_6/6/1-35-B,53,99,2106
A09ERF005,2009,6,POR,BAF,1,704,3,CNA_6/6/1-52-B,65,108,3982
A09ERF005,2009,6,POR,BAF,1,705,3,CNA_6/6/1-45-B,66,92,3033
A09ERF005,2009,6,POR,BAF,1,706,3,CNA_6/6/1-27-B,66,94,2896
A09ERF005,2009,6,POR,BAF,1,707,3,CNA_6/6/1-47-B,55,95,1885
A09ERF005,2009,6,POR,BAF,1,708,3,BRS_Primavera,66,108,3241
A09ERF005,2009,6,POR,BAF,1,709,3,CNA_6/6/1-34-B,60,103,4028
A09ERF005,2009,6,POR,BAF,1,710,3,BRS_Sertaneja,66,106,4240
A09ERF005,2009,6,POR,BAF,1,711,3,CNA_6/6/1-43-B,63,106,3185
A09ERF005,2009,6,POR,BAF,1,712,3,CNA_6/6/1-79-B,57,104,3233
A09ERF005,2009,6,POR,BAF,1,713,3,CNA_6/6/1-39-B,65,93,1074
A09ERF005,2009,6,POR,BAF,1,714,3,BRS_Bonanca,68,88,2758
A09ERF005,2009,6,POR,BAF,1,715,3,CNA_6/6/1-32-B,70,91,1741
A09ERF005,2009,6,POR,BAF,1,716,3,CNA_6/6/1-53-B,63,105,2712
A09ERF005,2009,6,POR,BAF,1,717,3,CNA_6/6/1-20-B,63,90,2823
A09ERF005,2009,6,POR,BAF,1,718,3,BRSMG_Curinga,72,83,3142
A09ERF005,2009,6,POR,BAF,1,719,3,CNA_6/6/1-60-B,53,106,3073
A09ERF005,2009,6,POR,BAF,1,801,4,CNA_6/6/1-4-B,63,98,3433
A09ERF005,2009,6,POR,BAF,1,802,4,CNA_6/6/1-13-B,54,89,1444
A09ERF005,2009,6,POR,BAF,1,803,4,CNA_6/6/1-12-B,56,91,3216
A09ERF005,2009,6,POR,BAF,1,804,4,BRSMG_Curinga,79,89,4439
A09ERF005,2009,6,POR,BAF,1,805,4,CNA_6/6/1-33-B,66,111,2755
A09ERF005,2009,6,POR,BAF,1,806,4,CNA_6/6/1-78-B,65,102,3556
A09ERF005,2009,6,POR,BAF,1,807,4,CNA_6/6/1-63-B,53,95,3172
A09ERF005,2009,6,POR,BAF,1,808,4,CNA_6/6/1-9-B,58,112,2997
A09ERF005,2009,6,POR,BAF,1,809,4,CNA_6/6/1-68-B,68,100,2503
A09ERF005,2009,6,POR,BAF,1,810,4,CNA_6/6/1-55-B,59,104,2397
A09ERF005,2009,6,POR,BAF,1,811,4,BRS_Sertaneja,68,99,3738
A09ERF005,2009,6,POR,BAF,1,812,4,CNA_6/6/1-2-B,53,110,2500
A09ERF005,2009,6,POR,BAF,1,813,4,CNA_6/6/1-57-B,57,107,4270
A09ERF005,2009,6,POR,BAF,1,814,4,CNA_6/6/1-61-B,58,112,3259
A09ERF005,2009,6,POR,BAF,1,815,4,CNA_6/6/1-31-B,57,111,2514
A09ERF005,2009,6,POR,BAF,1,816,4,BRS_Primavera,70,107,3892
A09ERF005,2009,6,POR,BAF,1,817,4,CNA_6/6/1-10-B,66,95,2051
A09ERF005,2009,6,POR,BAF,1,818,4,CNA_6/6/1-19-B,53,104,2321
A09ERF005,2009,6,POR,BAF,1,819,4,BRS_Bonanca,71,92,3010
A14S02003,2014,7,SAG,LAT,1,101,3,CNAx18346-B-4-B,106,95,2200
A14S02003,2014,7,SAG,LAT,1,102,3,CNAx18345-B-8-B,105,91,3928
A14S02003,2014,7,SAG,LAT,1,103,3,CNAx18346-B-7-B,111,103,3665
A14S02003,2014,7,SAG,LAT,1,104,3,CNAx18347-B-9-B,112,103,4548
A14S02003,2014,7,SAG,LAT,1,105,3,CNAx18346-B-6-B,105,106,3368
A14S02003,2014,7,SAG,LAT,1,106,3,CNAx18348-B-3-B,109,101,3497
A14S02003,2014,7,SAG,LAT,1,107,3,CNAx18347-B-10-B,112,90,4394
A14S02003,2014,7,SAG,LAT,1,108,3,CNAx18347-B-6-B,110,96,5123
A14S02003,2014,7,SAG,LAT,1,109,3,CNAx18347-B-3-B,111,90,4284
A14S02003,2014,7,SAG,LAT,1,110,3,CNAx18347-B-1-B,111,100,3761
A14S02003,2014,7,SAG,LAT,1,111,5,CNAx18352-B-8-B,105,110,3535
A14S02003,2014,7,SAG,LAT,1,112,5,CNAx18351-B-2-B,106,100,3542
A14S02003,2014,7,SAG,LAT,1,113,5,CNAx18352-B-7-B,112,129,2781
A14S02003,2014,7,SAG,LAT,1,114,5,CNAx18350-B-6-B,111,96,3490
A14S02003,2014,7,SAG,LAT,1,115,5,CNAx18353-B-1-B,109,103,3400
A14S02003,2014,7,SAG,LAT,1,116,5,CNAx18351-B-5-B,109,88,4452
A14S02003,2014,7,SAG,LAT,1,117,5,CNAx18353-B-2-B,106,81,2626
A14S02003,2014,7,SAG,LAT,1,118,5,CNAx18353-B-3-B,105,90,2948
A14S02003,2014,7,SAG,LAT,1,119,5,CNAx18351-B-3-B,109,95,2581
A14S02003,2014,7,SAG,LAT,1,120,5,CNAx18351-B-6-B,110,100,3277
A14S02003,2014,7,SAG,LAT,1,121,9,CNAx18361-B-6-B,103,119,4381
A14S02003,2014,7,SAG,LAT,1,122,9,CNAx18362-B-2-B,109,98,4392
A14S02003,2014,7,SAG,LAT,1,123,9,CNAx18363-B-11-B,98,110,3923
A14S02003,2014,7,SAG,LAT,1,124,9,CNAx18364-B-2-B,102,101,3461
A14S02003,2014,7,SAG,LAT,1,125,9,CNAx18361-B-4-B,104,100,4768
A14S02003,2014,7,SAG,LAT,1,126,9,CNAx18362-B-6-B,110,80,2916
A14S02003,2014,7,SAG,LAT,1,127,9,CNAx18361-B-5-B,106,117,4658
A14S02003,2014,7,SAG,LAT,1,128,9,CNAx18364-B-3-B,100,103,3239
A14S02003,2014,7,SAG,LAT,1,129,9,CNAx18362-B-12-B,109,102,3768
A14S02003,2014,7,SAG,LAT,1,130,9,CNAx18362-B-3-B,109,91,4271
A14S02003,2014,7,SAG,LAT,1,131,1,CNAx18342-B-6-B,106,94,4003
A14S02003,2014,7,SAG,LAT,1,132,1,CNAx18341-B-2-B,102,103,4800
A14S02003,2014,7,SAG,LAT,1,133,1,CNAx18341-B-7-B,102,96,4594
A14S02003,2014,7,SAG,LAT,1,134,1,CNAx18343-B-6-B,104,107,3221
A14S02003,2014,7,SAG,LAT,1,135,1,CNAx18342-B-8-B,102,103,3871
A14S02003,2014,7,SAG,LAT,1,136,1,CNAx18342-B-1-B,104,98,4929
A14S02003,2014,7,SAG,LAT,1,137,1,CNAx18341-B-4-B,100,102,3497
A14S02003,2014,7,SAG,LAT,1,138,1,CNAx18343-B-2-B,102,106,5000
A14S02003,2014,7,SAG,LAT,1,139,1,CNAx18341-B-6-B,110,114,3845
A14S02003,2014,7,SAG,LAT,1,140,1,CNAx18342-B-7-B,104,92,4085
A14S02003,2014,7,SAG,LAT,1,141,7,CNAx18357-B-10-B,99,111,3374
A14S02003,2014,7,SAG,LAT,1,142,7,CNAx18358-B-4-B,102,102,4815
A14S02003,2014,7,SAG,LAT,1,143,7,CNAx18356-B-3-B,99,105,4361
A14S02003,2014,7,SAG,LAT,1,144,7,CNAx18358-B-5-B,95,102,2942
A14S02003,2014,7,SAG,LAT,1,145,7,CNAx18358-B-6-B,97,105,3923
A14S02003,2014,7,SAG,LAT,1,146,7,CNAx18356-B-10-B,93,95,3639
A14S02003,2014,7,SAG,LAT,1,147,7,CNAx18357-B-1-B,98,102,3284
A14S02003,2014,7,SAG,LAT,1,148,7,CNAx18357-B-9-B,102,111,4252
A14S02003,2014,7,SAG,LAT,1,149,7,CNAx18357-B-6-B,99,113,2230
A14S02003,2014,7,SAG,LAT,1,150,7,CNAx18357-B-8-B,97,97,2787
A14S02003,2014,7,SAG,LAT,1,151,2,CNAx18344-B-6-B,97,95,5806
A14S02003,2014,7,SAG,LAT,1,152,2,CNAx18343-B-13-B,94,106,4413
A14S02003,2014,7,SAG,LAT,1,153,2,CNAx18345-B-1-B,99,93,5271
A14S02003,2014,7,SAG,LAT,1,154,2,CNAx18345-B-7-B,90,90,3245
A14S02003,2014,7,SAG,LAT,1,155,2,CNAx18344-B-3-B,103,101,4671
A14S02003,2014,7,SAG,LAT,1,156,2,CNAx18345-B-4-B,100,84,5432
A14S02003,2014,7,SAG,LAT,1,157,2,CNAx18343-B-7-B,104,84,2911
A14S02003,2014,7,SAG,LAT,1,158,2,CNAx18344-B-2-B,95,116,5729
A14S02003,2014,7,SAG,LAT,1,159,2,CNAx18344-B-5-B,94,103,5916
A14S02003,2014,7,SAG,LAT,1,160,2,CNAx18345-B-6-B,98,102,5644
A14S02003,2014,7,SAG,LAT,1,161,4,CNAx18350-B-4-B,97,93,5032
A14S02003,2014,7,SAG,LAT,1,162,4,CNAx18349-B-3-B,95,101,2599
A14S02003,2014,7,SAG,LAT,1,163,4,CNAx18348-B-10-B,100,103,4426
A14S02003,2014,7,SAG,LAT,1,164,4,CNAx18348-B-6-B,100,99,3974
A14S02003,2014,7,SAG,LAT,1,165,4,CNAx18350-B-2-B,95,83,4462
A14S02003,2014,7,SAG,LAT,1,166,4,CNAx18348-B-7-B,95,85,3092
A14S02003,2014,7,SAG,LAT,1,167,4,CNAx18349-B-6-B,98,74,2194
A14S02003,2014,7,SAG,LAT,1,168,4,CNAx18350-B-5-B,97,117,3813
A14S02003,2014,7,SAG,LAT,1,169,4,CNAx18349-B-7-B,95,91,2168
A14S02003,2014,7,SAG,LAT,1,170,4,CNAx18349-B-4-B,92,91,3077
A14S02003,2014,7,SAG,LAT,1,171,10,BRS_Esmeralda,96,92,3181
A14S02003,2014,7,SAG,LAT,1,172,10,BRS_Sertaneja,96,100,4639
A14S02003,2014,7,SAG,LAT,1,173,10,CNAx18364-B-8-B,98,101,2858
A14S02003,2014,7,SAG,LAT,1,174,10,CNAx18364-B-7-B,100,87,994
A14S02003,2014,7,SAG,LAT,1,175,10,Carajas,93,98,3997
A14S02003,2014,7,SAG,LAT,1,176,10,BRS_Bonanca,94,77,1142
A14S02003,2014,7,SAG,LAT,1,177,10,Guarani,94,113,4039
A14S02003,2014,7,SAG,LAT,1,178,10,CNAx18364-B-6-B,98,96,3396
A14S02003,2014,7,SAG,LAT,1,179,10,BRS_Primavera,93,109,1697
A14S02003,2014,7,SAG,LAT,1,180,10,BRSMG_Curinga,97,85,3837
A14S02003,2014,7,SAG,LAT,1,181,6,CNAx18354-B-8-B,94,95,4045
A14S02003,2014,7,SAG,LAT,1,182,6,CNAx18354-B-1-B,98,111,3781
A14S02003,2014,7,SAG,LAT,1,183,6,CNAx18354-B-2-B,98,92,4323
A14S02003,2014,7,SAG,LAT,1,184,6,CNAx18355-B-4-B,103,93,3690
A14S02003,2014,7,SAG,LAT,1,185,6,CNAx18355-B-3-B,99,108,3259
A14S02003,2014,7,SAG,LAT,1,186,6,CNAx18356-B-2-B,95,102,4787
A14S02003,2014,7,SAG,LAT,1,187,6,CNAx18354-B-7-B,100,87,2457
A14S02003,2014,7,SAG,LAT,1,188,6,CNAx18355-B-2-B,102,107,4006
A14S02003,2014,7,SAG,LAT,1,189,6,CNAx18353-B-8-B,98,89,2632
A14S02003,2014,7,SAG,LAT,1,190,6,CNAx18355-B-5-B,98,89,3928
A14S02003,2014,7,SAG,LAT,1,191,8,CNAx18360-B-3-B,97,100,4600
A14S02003,2014,7,SAG,LAT,1,192,8,CNAx18359-B-8-B,99,97,3658
A14S02003,2014,7,SAG,LAT,1,193,8,CNAx18359-B-1-B,99,100,3432
A14S02003,2014,7,SAG,LAT,1,194,8,CNAx18360-B-2-B,95,107,3768
A14S02003,2014,7,SAG,LAT,1,195,8,CNAx18359-B-7-B,102,97,4477
A14S02003,2014,7,SAG,LAT,1,196,8,CNAx18359-B-4-B,99,92,4613
A14S02003,2014,7,SAG,LAT,1,197,8,CNAx18360-B-12-B,95,101,4806
A14S02003,2014,7,SAG,LAT,1,198,8,CNAx18360-B-7-B,102,80,2622
A14S02003,2014,7,SAG,LAT,1,199,8,CNAx18359-B-11-B,99,89,3406
A14S02003,2014,7,SAG,LAT,1,200,8,CNAx18358-B-10-B,89,89,3848
A14S02003,2014,7,SAG,LAT,2,201,7,CNAx18349-B-7-B,95,90,1316
A14S02003,2014,7,SAG,LAT,2,202,7,CNAx18362-B-12-B,100,109,4297
A14S02003,2014,7,SAG,LAT,2,203,7,CNAx18345-B-1-B,98,92,4888
A14S02003,2014,7,SAG,LAT,2,204,7,CNAx18355-B-3-B,104,100,2729
A14S02003,2014,7,SAG,LAT,2,205,7,CNAx18357-B-10-B,97,86,2397
A14S02003,2014,7,SAG,LAT,2,206,7,CNAx18360-B-2-B,94,101,3897
A14S02003,2014,7,SAG,LAT,2,207,7,CNAx18342-B-7-B,101,90,3794
A14S02003,2014,7,SAG,LAT,2,208,7,CNAx18347-B-6-B,102,102,5399
A14S02003,2014,7,SAG,LAT,2,209,7,BRS_Sertaneja,95,99,4015
A14S02003,2014,7,SAG,LAT,2,210,7,CNAx18352-B-8-B,99,100,2279
A14S02003,2014,7,SAG,LAT,2,211,5,CNAx18351-B-6-B,98,96,3761
A14S02003,2014,7,SAG,LAT,2,212,5,CNAx18344-B-5-B,99,96,4955
A14S02003,2014,7,SAG,LAT,2,213,5,CNAx18359-B-8-B,99,106,3948
A14S02003,2014,7,SAG,LAT,2,214,5,CNAx18362-B-3-B,105,92,4258
A14S02003,2014,7,SAG,LAT,2,215,5,CNAx18342-B-1-B,105,97,3443
A14S02003,2014,7,SAG,LAT,2,216,5,CNAx18354-B-8-B,95,105,4142
A14S02003,2014,7,SAG,LAT,2,217,5,CNAx18349-B-4-B,89,97,2377
A14S02003,2014,7,SAG,LAT,2,218,5,CNAx18357-B-8-B,95,89,1923
A14S02003,2014,7,SAG,LAT,2,219,5,CNAx18347-B-1-B,103,93,3058
A14S02003,2014,7,SAG,LAT,2,220,5,BRS_Esmeralda,98,88,2717
A14S02003,2014,7,SAG,LAT,2,221,4,CNAx18362-B-2-B,105,92,2877
A14S02003,2014,7,SAG,LAT,2,222,4,CNAx18359-B-7-B,104,102,4348
A14S02003,2014,7,SAG,LAT,2,223,4,CNAx18344-B-3-B,100,98,5004
A14S02003,2014,7,SAG,LAT,2,224,4,CNAx18354-B-7-B,100,90,2213
A14S02003,2014,7,SAG,LAT,2,225,4,CNAx18357-B-6-B,100,94,955
A14S02003,2014,7,SAG,LAT,2,226,4,BRS_Bonanca,95,76,1058
A14S02003,2014,7,SAG,LAT,2,227,4,CNAx18349-B-3-B,96,100,2419
A14S02003,2014,7,SAG,LAT,2,228,4,CNAx18351-B-5-B,99,84,6065
A14S02003,2014,7,SAG,LAT,2,229,4,CNAx18346-B-7-B,100,108,5326
A14S02003,2014,7,SAG,LAT,2,230,4,CNAx18341-B-7-B,100,97,2787
A14S02003,2014,7,SAG,LAT,2,231,6,CNAx18355-B-2-B,102,96,3205
A14S02003,2014,7,SAG,LAT,2,232,6,CNAx18359-B-11-B,99,89,2335
A14S02003,2014,7,SAG,LAT,2,233,6,CNAx18362-B-6-B,106,88,1892
A14S02003,2014,7,SAG,LAT,2,234,6,CNAx18342-B-6-B,106,98,2609
A14S02003,2014,7,SAG,LAT,2,235,6,CNAx18357-B-9-B,99,110,3858
A14S02003,2014,7,SAG,LAT,2,236,6,CNAx18344-B-6-B,96,94,4716
A14S02003,2014,7,SAG,LAT,2,237,6,BRS_Primavera,93,96,514
A14S02003,2014,7,SAG,LAT,2,238,6,CNAx18352-B-7-B,100,108,2751
A14S02003,2014,7,SAG,LAT,2,239,6,CNAx18347-B-3-B,102,95,4303
A14S02003,2014,7,SAG,LAT,2,240,6,CNAx18349-B-6-B,99,96,1284
A14S02003,2014,7,SAG,LAT,2,241,10,Guarani,74,100,2632
A14S02003,2014,7,SAG,LAT,2,242,10,CNAx18348-B-3-B,102,88,2441
A14S02003,2014,7,SAG,LAT,2,243,10,CNAx18356-B-2-B,95,97,4019
A14S02003,2014,7,SAG,LAT,2,244,10,CNAx18350-B-5-B,95,101,3994
A14S02003,2014,7,SAG,LAT,2,245,10,CNAx18345-B-7-B,86,83,3161
A14S02003,2014,7,SAG,LAT,2,246,10,CNAx18358-B-6-B,92,89,2978
A14S02003,2014,7,SAG,LAT,2,247,10,CNAx18353-B-3-B,99,87,1097
A14S02003,2014,7,SAG,LAT,2,248,10,CNAx18364-B-3-B,98,84,1439
A14S02003,2014,7,SAG,LAT,2,249,10,CNAx18360-B-12-B,102,100,3590
A14S02003,2014,7,SAG,LAT,2,250,10,CNAx18343-B-6-B,102,102,2510
A14S02003,2014,7,SAG,LAT,2,251,2,CNAx18356-B-10-B,92,90,2916
A14S02003,2014,7,SAG,LAT,2,252,2,CNAx18354-B-1-B,98,89,3742
A14S02003,2014,7,SAG,LAT,2,253,2,CNAx18359-B-1-B,99,93,4355
A14S02003,2014,7,SAG,LAT,2,254,2,CNAx18343-B-13-B,94,102,4174
A14S02003,2014,7,SAG,LAT,2,255,2,CNAx18346-B-4-B,95,101,2764
A14S02003,2014,7,SAG,LAT,2,256,2,CNAx18348-B-7-B,98,89,2516
A14S02003,2014,7,SAG,LAT,2,257,2,CNAx18341-B-4-B,100,100,1458
A14S02003,2014,7,SAG,LAT,2,258,2,CNAx18361-B-5-B,103,99,3355
A14S02003,2014,7,SAG,LAT,2,259,2,CNAx18364-B-7-B,98,82,961
A14S02003,2014,7,SAG,LAT,2,260,2,CNAx18351-B-2-B,94,92,2935
A14S02003,2014,7,SAG,LAT,2,261,9,CNAx18358-B-5-B,96,92,2911
A14S02003,2014,7,SAG,LAT,2,262,9,CNAx18353-B-2-B,96,91,2671
A14S02003,2014,7,SAG,LAT,2,263,9,CNAx18345-B-6-B,97,90,4013
A14S02003,2014,7,SAG,LAT,2,264,9,CNAx18343-B-2-B,100,107,3252
A14S02003,2014,7,SAG,LAT,2,265,9,CNAx18347-B-10-B,103,108,4413
A14S02003,2014,7,SAG,LAT,2,266,9,CNAx18355-B-5-B,99,106,4274
A14S02003,2014,7,SAG,LAT,2,267,9,CNAx18350-B-4-B,98,109,4110
A14S02003,2014,7,SAG,LAT,2,268,9,CNAx18364-B-2-B,97,108,3090
A14S02003,2014,7,SAG,LAT,2,269,9,CNAx18360-B-7-B,99,91,2772
A14S02003,2014,7,SAG,LAT,2,270,9,Carajas,98,100,2325
A14S02003,2014,7,SAG,LAT,2,271,8,CNAx18350-B-2-B,93,78,3729
A14S02003,2014,7,SAG,LAT,2,272,8,CNAx18360-B-3-B,100,97,3039
A14S02003,2014,7,SAG,LAT,2,273,8,CNAx18345-B-4-B,99,90,3964
A14S02003,2014,7,SAG,LAT,2,274,8,CNAx18358-B-4-B,99,104,3600
A14S02003,2014,7,SAG,LAT,2,275,8,CNAx18355-B-4-B,102,95,3703
A14S02003,2014,7,SAG,LAT,2,276,8,BRSMG_Curinga,99,86,2379
A14S02003,2014,7,SAG,LAT,2,277,8,CNAx18347-B-9-B,99,94,6039
A14S02003,2014,7,SAG,LAT,2,278,8,CNAx18342-B-8-B,100,103,2968
A14S02003,2014,7,SAG,LAT,2,279,8,CNAx18353-B-1-B,98,89,2374
A14S02003,2014,7,SAG,LAT,2,280,8,CNAx18363-B-11-B,94,105,2748
A14S02003,2014,7,SAG,LAT,2,281,3,CNAx18361-B-6-B,99,104,3452
A14S02003,2014,7,SAG,LAT,2,282,3,CNAx18346-B-6-B,99,100,3465
A14S02003,2014,7,SAG,LAT,2,283,3,CNAx18348-B-10-B,101,93,2697
A14S02003,2014,7,SAG,LAT,2,284,3,CNAx18359-B-4-B,99,100,3884
A14S02003,2014,7,SAG,LAT,2,285,3,CNAx18341-B-6-B,105,114,2361
A14S02003,2014,7,SAG,LAT,2,286,3,CNAx18364-B-8-B,98,101,2865
A14S02003,2014,7,SAG,LAT,2,287,3,CNAx18357-B-1-B,100,100,3375
A14S02003,2014,7,SAG,LAT,2,288,3,CNAx18354-B-2-B,98,94,4065
A14S02003,2014,7,SAG,LAT,2,289,3,CNAx18351-B-3-B,94,97,2748
A14S02003,2014,7,SAG,LAT,2,290,3,CNAx18344-B-2-B,99,104,3658
A14S02003,2014,7,SAG,LAT,2,291,1,CNAx18341-B-2-B,95,99,3546
A14S02003,2014,7,SAG,LAT,2,292,1,CNAx18364-B-6-B,95,93,3845
A14S02003,2014,7,SAG,LAT,2,293,1,CNAx18356-B-3-B,94,103,4067
A14S02003,2014,7,SAG,LAT,2,294,1,CNAx18358-B-10-B,96,100,4003
A14S02003,2014,7,SAG,LAT,2,295,1,CNAx18345-B-8-B,97,91,4103
A14S02003,2014,7,SAG,LAT,2,296,1,CNAx18350-B-6-B,99,104,3061
A14S02003,2014,7,SAG,LAT,2,297,1,CNAx18353-B-8-B,98,97,2348
A14S02003,2014,7,SAG,LAT,2,298,1,CNAx18361-B-4-B,100,100,4477
A14S02003,2014,7,SAG,LAT,2,299,1,CNAx18343-B-7-B,103,95,2524
A14S02003,2014,7,SAG,LAT,2,300,1,CNAx18348-B-6-B,103,92,2186
A14S02004,2014,7,SAG,LAT,1,101,5,CNAx18353-B-1-B,80,106,5071
A14S02004,2014,7,SAG,LAT,1,102,5,CNAx18351-B-3-B,89,100,3373
A14S02004,2014,7,SAG,LAT,1,103,5,CNAx18353-B-2-B,87,97,3115
A14S02004,2014,7,SAG,LAT,1,104,5,CNAx18353-B-3-B,82,100,3899
A14S02004,2014,7,SAG,LAT,1,105,5,CNAx18352-B-8-B,84,112,3063
A14S02004,2014,7,SAG,LAT,1,106,5,CNAx18352-B-7-B,99,123,2560
A14S02004,2014,7,SAG,LAT,1,107,5,CNAx18350-B-6-B,87,105,3698
A14S02004,2014,7,SAG,LAT,1,108,5,CNAx18351-B-6-B,90,95,4049
A14S02004,2014,7,SAG,LAT,1,109,5,CNAx18351-B-2-B,89,96,4062
A14S02004,2014,7,SAG,LAT,1,110,5,CNAx18351-B-5-B,91,108,3972
A14S02004,2014,7,SAG,LAT,1,111,2,CNAx18345-B-4-B,94,100,4743
A14S02004,2014,7,SAG,LAT,1,112,2,CNAx18343-B-13-B,81,118,5347
A14S02004,2014,7,SAG,LAT,1,113,2,CNAx18345-B-7-B,78,100,4160
A14S02004,2014,7,SAG,LAT,1,114,2,CNAx18345-B-1-B,90,99,4524
A14S02004,2014,7,SAG,LAT,1,115,2,CNAx18344-B-2-B,82,95,3943
A14S02004,2014,7,SAG,LAT,1,116,2,CNAx18344-B-5-B,82,103,5819
A14S02004,2014,7,SAG,LAT,1,117,2,CNAx18343-B-7-B,84,96,2341
A14S02004,2014,7,SAG,LAT,1,118,2,CNAx18345-B-6-B,80,96,4281
A14S02004,2014,7,SAG,LAT,1,119,2,CNAx18344-B-6-B,78,90,4436
A14S02004,2014,7,SAG,LAT,1,120,2,CNAx18344-B-3-B,88,105,3995
A14S02004,2014,7,SAG,LAT,1,121,10,BRS_Bonanca,84,98,2170
A14S02004,2014,7,SAG,LAT,1,122,10,BRS_Sertaneja,87,117,5218
A14S02004,2014,7,SAG,LAT,1,123,10,BRSMG_Curinga,92,96,3750
A14S02004,2014,7,SAG,LAT,1,124,10,CNAx18364-B-8-B,87,114,4186
A14S02004,2014,7,SAG,LAT,1,125,10,Carajas,85,96,3670
A14S02004,2014,7,SAG,LAT,1,126,10,CNAx18364-B-7-B,88,95,1933
A14S02004,2014,7,SAG,LAT,1,127,10,Guarani,80,119,4568
A14S02004,2014,7,SAG,LAT,1,128,10,CNAx18364-B-6-B,87,107,4268
A14S02004,2014,7,SAG,LAT,1,129,10,BRS_Primavera,80,103,1055
A14S02004,2014,7,SAG,LAT,1,130,10,BRS_Esmeralda,86,96,4914
A14S02004,2014,7,SAG,LAT,1,131,7,CNAx18357-B-10-B,87,119,2449
A14S02004,2014,7,SAG,LAT,1,132,7,CNAx18358-B-5-B,80,115,3365
A14S02004,2014,7,SAG,LAT,1,133,7,CNAx18357-B-9-B,86,117,3835
A14S02004,2014,7,SAG,LAT,1,134,7,CNAx18356-B-10-B,80,101,4385
A14S02004,2014,7,SAG,LAT,1,135,7,CNAx18357-B-6-B,90,106,1985
A14S02004,2014,7,SAG,LAT,1,136,7,CNAx18358-B-4-B,81,108,3925
A14S02004,2014,7,SAG,LAT,1,137,7,CNAx18356-B-3-B,87,111,4023
A14S02004,2014,7,SAG,LAT,1,138,7,CNAx18358-B-6-B,80,109,3995
A14S02004,2014,7,SAG,LAT,1,139,7,CNAx18357-B-8-B,84,104,2803
A14S02004,2014,7,SAG,LAT,1,140,7,CNAx18357-B-1-B,87,110,4534
A14S02004,2014,7,SAG,LAT,1,141,3,CNAx18347-B-3-B,89,97,2999
A14S02004,2014,7,SAG,LAT,1,142,3,CNAx18345-B-8-B,89,105,4516
A14S02004,2014,7,SAG,LAT,1,143,3,CNAx18346-B-7-B,83,111,5102
A14S02004,2014,7,SAG,LAT,1,144,3,CNAx18347-B-1-B,87,104,4826
A14S02004,2014,7,SAG,LAT,1,145,3,CNAx18346-B-4-B,83,102,3987
A14S02004,2014,7,SAG,LAT,1,146,3,CNAx18347-B-6-B,92,98,3819
A14S02004,2014,7,SAG,LAT,1,147,3,CNAx18347-B-9-B,94,106,4766
A14S02004,2014,7,SAG,LAT,1,148,3,CNAx18346-B-6-B,84,111,3781
A14S02004,2014,7,SAG,LAT,1,149,3,CNAx18348-B-3-B,87,105,4849
A14S02004,2014,7,SAG,LAT,1,150,3,CNAx18347-B-10-B,95,100,3848
A14S02004,2014,7,SAG,LAT,1,151,4,CNAx18350-B-5-B,84,111,4204
A14S02004,2014,7,SAG,LAT,1,152,4,CNAx18350-B-2-B,80,92,5406
A14S02004,2014,7,SAG,LAT,1,153,4,CNAx18348-B-6-B,92,99,2655
A14S02004,2014,7,SAG,LAT,1,154,4,CNAx18349-B-3-B,81,112,3241
A14S02004,2014,7,SAG,LAT,1,155,4,CNAx18349-B-6-B,87,89,1868
A14S02004,2014,7,SAG,LAT,1,156,4,CNAx18350-B-4-B,82,104,5605
A14S02004,2014,7,SAG,LAT,1,157,4,CNAx18348-B-7-B,83,113,3045
A14S02004,2014,7,SAG,LAT,1,158,4,CNAx18349-B-4-B,76,110,2926
A14S02004,2014,7,SAG,LAT,1,159,4,CNAx18349-B-7-B,82,104,1840
A14S02004,2014,7,SAG,LAT,1,160,4,CNAx18348-B-10-B,87,92,3582
A14S02004,2014,7,SAG,LAT,1,161,8,CNAx18359-B-11-B,82,105,4434
A14S02004,2014,7,SAG,LAT,1,162,8,CNAx18358-B-10-B,76,103,3695
A14S02004,2014,7,SAG,LAT,1,163,8,CNAx18360-B-3-B,82,112,3814
A14S02004,2014,7,SAG,LAT,1,164,8,CNAx18359-B-4-B,82,111,4617
A14S02004,2014,7,SAG,LAT,1,165,8,CNAx18360-B-12-B,87,124,4359
A14S02004,2014,7,SAG,LAT,1,166,8,CNAx18359-B-8-B,82,116,3892
A14S02004,2014,7,SAG,LAT,1,167,8,CNAx18360-B-2-B,80,102,2738
A14S02004,2014,7,SAG,LAT,1,168,8,CNAx18360-B-7-B,87,90,2810
A14S02004,2014,7,SAG,LAT,1,169,8,CNAx18359-B-7-B,94,111,5239
A14S02004,2014,7,SAG,LAT,1,170,8,CNAx18359-B-1-B,87,110,5205
A14S02004,2014,7,SAG,LAT,1,171,6,CNAx18355-B-5-B,83,115,4111
A14S02004,2014,7,SAG,LAT,1,172,6,CNAx18355-B-3-B,84,111,4230
A14S02004,2014,7,SAG,LAT,1,173,6,CNAx18355-B-2-B,82,124,5566
A14S02004,2014,7,SAG,LAT,1,174,6,CNAx18354-B-8-B,84,110,3649
A14S02004,2014,7,SAG,LAT,1,175,6,CNAx18354-B-1-B,87,98,4645
A14S02004,2014,7,SAG,LAT,1,176,6,CNAx18354-B-2-B,88,94,4735
A14S02004,2014,7,SAG,LAT,1,177,6,CNAx18353-B-8-B,80,98,4044
A14S02004,2014,7,SAG,LAT,1,178,6,CNAx18354-B-7-B,93,97,2689
A14S02004,2014,7,SAG,LAT,1,179,6,CNAx18356-B-2-B,84,93,3644
A14S02004,2014,7,SAG,LAT,1,180,6,CNAx18355-B-4-B,83,104,4735
A14S02004,2014,7,SAG,LAT,1,181,1,CNAx18341-B-7-B,84,115,3226
A14S02004,2014,7,SAG,LAT,1,182,1,CNAx18342-B-6-B,96,96,2957
A14S02004,2014,7,SAG,LAT,1,183,1,CNAx18341-B-2-B,83,97,3876
A14S02004,2014,7,SAG,LAT,1,184,1,CNAx18343-B-2-B,84,105,4444
A14S02004,2014,7,SAG,LAT,1,185,1,CNAx18342-B-1-B,96,98,4274
A14S02004,2014,7,SAG,LAT,1,186,1,CNAx18342-B-8-B,93,105,3074
A14S02004,2014,7,SAG,LAT,1,187,1,CNAx18342-B-7-B,NA,NA,4147
A14S02004,2014,7,SAG,LAT,1,188,1,CNAx18341-B-4-B,NA,NA,2085
A14S02004,2014,7,SAG,LAT,1,189,1,CNAx18343-B-6-B,NA,NA,2674
A14S02004,2014,7,SAG,LAT,1,190,1,CNAx18341-B-6-B,NA,NA,2583
A14S02004,2014,7,SAG,LAT,1,191,9,CNAx18363-B-11-B,NA,NA,3910
A14S02004,2014,7,SAG,LAT,1,192,9,CNAx18362-B-3-B,NA,NA,3368
A14S02004,2014,7,SAG,LAT,1,193,9,CNAx18364-B-3-B,NA,NA,3530
A14S02004,2014,7,SAG,LAT,1,194,9,CNAx18362-B-6-B,NA,NA,1719
A14S02004,2014,7,SAG,LAT,1,195,9,CNAx18361-B-4-B,NA,NA,2477
A14S02004,2014,7,SAG,LAT,1,196,9,CNAx18364-B-2-B,NA,NA,4395
A14S02004,2014,7,SAG,LAT,1,197,9,CNAx18362-B-2-B,NA,NA,3112
A14S02004,2014,7,SAG,LAT,1,198,9,CNAx18361-B-6-B,NA,NA,3716
A14S02004,2014,7,SAG,LAT,1,199,9,CNAx18361-B-5-B,NA,NA,2996
A14S02004,2014,7,SAG,LAT,1,200,9,CNAx18362-B-12-B,NA,NA,1590
A14S02004,2014,7,SAG,LAT,2,201,2,CNAx18354-B-1-B,NA,NA,4805
A14S02004,2014,7,SAG,LAT,2,202,2,CNAx18356-B-10-B,NA,NA,4640
A14S02004,2014,7,SAG,LAT,2,203,2,CNAx18351-B-2-B,NA,NA,3832
A14S02004,2014,7,SAG,LAT,2,204,2,CNAx18341-B-4-B,NA,NA,2217
A14S02004,2014,7,SAG,LAT,2,205,2,CNAx18359-B-1-B,NA,NA,5130
A14S02004,2014,7,SAG,LAT,2,206,2,CNAx18343-B-13-B,NA,NA,4219
A14S02004,2014,7,SAG,LAT,2,207,2,CNAx18346-B-4-B,NA,NA,3396
A14S02004,2014,7,SAG,LAT,2,208,2,CNAx18361-B-5-B,NA,NA,3608
A14S02004,2014,7,SAG,LAT,2,209,2,CNAx18364-B-7-B,NA,NA,1959
A14S02004,2014,7,SAG,LAT,2,210,2,CNAx18348-B-7-B,NA,NA,2826
A14S02004,2014,7,SAG,LAT,2,211,4,CNAx18351-B-5-B,NA,NA,3951
A14S02004,2014,7,SAG,LAT,2,212,4,BRS_Bonanca,NA,NA,2405
A14S02004,2014,7,SAG,LAT,2,213,4,CNAx18341-B-7-B,NA,NA,3063
A14S02004,2014,7,SAG,LAT,2,214,4,CNAx18357-B-6-B,NA,NA,2108
A14S02004,2014,7,SAG,LAT,2,215,4,CNAx18359-B-7-B,NA,NA,4545
A14S02004,2014,7,SAG,LAT,2,216,4,CNAx18344-B-3-B,NA,NA,3951
A14S02004,2014,7,SAG,LAT,2,217,4,CNAx18346-B-7-B,NA,NA,3677
A14S02004,2014,7,SAG,LAT,2,218,4,CNAx18349-B-3-B,NA,NA,2485
A14S02004,2014,7,SAG,LAT,2,219,4,CNAx18362-B-2-B,NA,NA,2333
A14S02004,2014,7,SAG,LAT,2,220,4,CNAx18354-B-7-B,NA,NA,3102
A14S02004,2014,7,SAG,LAT,2,221,7,CNAx18357-B-10-B,NA,NA,2196
A14S02004,2014,7,SAG,LAT,2,222,7,CNAx18360-B-2-B,NA,NA,2039
A14S02004,2014,7,SAG,LAT,2,223,7,CNAx18345-B-1-B,NA,NA,3675
A14S02004,2014,7,SAG,LAT,2,224,7,CNAx18362-B-12-B,NA,NA,2795
A14S02004,2014,7,SAG,LAT,2,225,7,CNAx18355-B-3-B,NA,NA,3657
A14S02004,2014,7,SAG,LAT,2,226,7,CNAx18347-B-6-B,NA,NA,2952
A14S02004,2014,7,SAG,LAT,2,227,7,BRS_Sertaneja,NA,NA,3840
A14S02004,2014,7,SAG,LAT,2,228,7,CNAx18352-B-8-B,NA,NA,2596
A14S02004,2014,7,SAG,LAT,2,229,7,CNAx18349-B-7-B,NA,NA,2619
A14S02004,2014,7,SAG,LAT,2,230,7,CNAx18342-B-7-B,NA,NA,3505
A14S02004,2014,7,SAG,LAT,2,231,10,CNAx18348-B-3-B,NA,NA,3982
A14S02004,2014,7,SAG,LAT,2,232,10,CNAx18356-B-2-B,NA,NA,3726
A14S02004,2014,7,SAG,LAT,2,233,10,CNAx18343-B-6-B,NA,NA,3223
A14S02004,2014,7,SAG,LAT,2,234,10,CNAx18350-B-5-B,NA,NA,4302
A14S02004,2014,7,SAG,LAT,2,235,10,CNAx18345-B-7-B,NA,NA,3649
A14S02004,2014,7,SAG,LAT,2,236,10,CNAx18364-B-3-B,NA,NA,3683
A14S02004,2014,7,SAG,LAT,2,237,10,CNAx18353-B-3-B,NA,NA,2810
A14S02004,2014,7,SAG,LAT,2,238,10,Guarani,NA,NA,3301
A14S02004,2014,7,SAG,LAT,2,239,10,CNAx18358-B-6-B,NA,NA,3621
A14S02004,2014,7,SAG,LAT,2,240,10,CNAx18360-B-12-B,NA,NA,3917
A14S02004,2014,7,SAG,LAT,2,241,5,CNAx18357-B-8-B,NA,NA,3138
A14S02004,2014,7,SAG,LAT,2,242,5,CNAx18359-B-8-B,NA,NA,3363
A14S02004,2014,7,SAG,LAT,2,243,5,CNAx18349-B-4-B,NA,NA,2754
A14S02004,2014,7,SAG,LAT,2,244,5,CNAx18354-B-8-B,NA,NA,3928
A14S02004,2014,7,SAG,LAT,2,245,5,CNAx18342-B-1-B,NA,NA,4560
A14S02004,2014,7,SAG,LAT,2,246,5,CNAx18347-B-1-B,NA,NA,4194
A14S02004,2014,7,SAG,LAT,2,247,5,BRS_Esmeralda,NA,NA,5357
A14S02004,2014,7,SAG,LAT,2,248,5,CNAx18351-B-6-B,NA,NA,4354
A14S02004,2014,7,SAG,LAT,2,249,5,CNAx18344-B-5-B,NA,NA,4942
A14S02004,2014,7,SAG,LAT,2,250,5,CNAx18362-B-3-B,NA,NA,4065
A14S02004,2014,7,SAG,LAT,2,251,6,CNAx18344-B-6-B,NA,NA,5693
A14S02004,2014,7,SAG,LAT,2,252,6,CNAx18359-B-11-B,NA,NA,4738
A14S02004,2014,7,SAG,LAT,2,253,6,CNAx18347-B-3-B,NA,NA,3210
A14S02004,2014,7,SAG,LAT,2,254,6,CNAx18362-B-6-B,NA,NA,1355
A14S02004,2014,7,SAG,LAT,2,255,6,CNAx18349-B-6-B,NA,NA,1721
A14S02004,2014,7,SAG,LAT,2,256,6,CNAx18352-B-7-B,NA,NA,3375
A14S02004,2014,7,SAG,LAT,2,257,6,CNAx18355-B-2-B,NA,NA,5502
A14S02004,2014,7,SAG,LAT,2,258,6,BRS_Primavera,NA,NA,828
A14S02004,2014,7,SAG,LAT,2,259,6,CNAx18357-B-9-B,NA,NA,2978
A14S02004,2014,7,SAG,LAT,2,260,6,CNAx18342-B-6-B,NA,NA,2901
A14S02004,2014,7,SAG,LAT,2,261,9,CNAx18350-B-4-B,NA,NA,5590
A14S02004,2014,7,SAG,LAT,2,262,9,CNAx18360-B-7-B,NA,NA,3146
A14S02004,2014,7,SAG,LAT,2,263,9,CNAx18364-B-2-B,NA,NA,3894
A14S02004,2014,7,SAG,LAT,2,264,9,CNAx18358-B-5-B,NA,NA,2906
A14S02004,2014,7,SAG,LAT,2,265,9,CNAx18345-B-6-B,NA,NA,4126
A14S02004,2014,7,SAG,LAT,2,266,9,Carajas,NA,NA,3043
A14S02004,2014,7,SAG,LAT,2,267,9,CNAx18353-B-2-B,NA,NA,2568
A14S02004,2014,7,SAG,LAT,2,268,9,CNAx18355-B-5-B,NA,NA,3427
A14S02004,2014,7,SAG,LAT,2,269,9,CNAx18347-B-10-B,NA,NA,3037
A14S02004,2014,7,SAG,LAT,2,270,9,CNAx18343-B-2-B,NA,NA,4248
A14S02004,2014,7,SAG,LAT,2,271,3,CNAx18361-B-6-B,NA,NA,3311
A14S02004,2014,7,SAG,LAT,2,272,3,CNAx18344-B-2-B,NA,NA,4821
A14S02004,2014,7,SAG,LAT,2,273,3,CNAx18354-B-2-B,NA,NA,3835
A14S02004,2014,7,SAG,LAT,2,274,3,CNAx18341-B-6-B,NA,NA,3546
A14S02004,2014,7,SAG,LAT,2,275,3,CNAx18346-B-6-B,NA,NA,3179
A14S02004,2014,7,SAG,LAT,2,276,3,CNAx18357-B-1-B,NA,NA,3489
A14S02004,2014,7,SAG,LAT,2,277,3,CNAx18364-B-8-B,NA,NA,4488
A14S02004,2014,7,SAG,LAT,2,278,3,CNAx18359-B-4-B,NA,NA,4524
A14S02004,2014,7,SAG,LAT,2,279,3,CNAx18348-B-10-B,NA,NA,3886
A14S02004,2014,7,SAG,LAT,2,280,3,CNAx18351-B-3-B,NA,NA,3853
A14S02004,2014,7,SAG,LAT,2,281,1,CNAx18361-B-4-B,NA,NA,4596
A14S02004,2014,7,SAG,LAT,2,282,1,CNAx18345-B-8-B,NA,NA,5463
A14S02004,2014,7,SAG,LAT,2,283,1,CNAx18348-B-6-B,NA,NA,3068
A14S02004,2014,7,SAG,LAT,2,284,1,CNAx18358-B-10-B,NA,NA,4663
A14S02004,2014,7,SAG,LAT,2,285,1,CNAx18353-B-8-B,NA,NA,4026
A14S02004,2014,7,SAG,LAT,2,286,1,CNAx18350-B-6-B,NA,NA,3786
A14S02004,2014,7,SAG,LAT,2,287,1,CNAx18364-B-6-B,NA,NA,4137
A14S02004,2014,7,SAG,LAT,2,288,1,CNAx18343-B-7-B,NA,NA,3079
A14S02004,2014,7,SAG,LAT,2,289,1,CNAx18356-B-3-B,NA,NA,4013
A14S02004,2014,7,SAG,LAT,2,290,1,CNAx18341-B-2-B,NA,NA,4426
A14S02004,2014,7,SAG,LAT,2,291,8,CNAx18350-B-2-B,NA,NA,4689
A14S02004,2014,7,SAG,LAT,2,292,8,CNAx18355-B-4-B,NA,NA,4702
A14S02004,2014,7,SAG,LAT,2,293,8,CNAx18358-B-4-B,NA,NA,5267
A14S02004,2014,7,SAG,LAT,2,294,8,CNAx18363-B-11-B,NA,NA,4003
A14S02004,2014,7,SAG,LAT,2,295,8,CNAx18342-B-8-B,NA,NA,3711
A14S02004,2014,7,SAG,LAT,2,296,8,CNAx18360-B-3-B,NA,NA,3745
A14S02004,2014,7,SAG,LAT,2,297,8,CNAx18345-B-4-B,NA,NA,4828
A14S02004,2014,7,SAG,LAT,2,298,8,CNAx18353-B-1-B,NA,NA,4405
A14S02004,2014,7,SAG,LAT,2,299,8,BRSMG_Curinga,NA,NA,3579
A14S02004,2014,7,SAG,LAT,2,300,8,CNAx18347-B-9-B,NA,NA,4521
A14S02005,2014,7,SIN,LAT,1,101,3,CNAx18347-B-3-B,82,101,5440
A14S02005,2014,7,SIN,LAT,1,102,3,CNAx18345-B-8-B,80,103,4674
A14S02005,2014,7,SIN,LAT,1,103,3,CNAx18346-B-6-B,76,97,3153
A14S02005,2014,7,SIN,LAT,1,104,3,CNAx18347-B-10-B,85,103,5590
A14S02005,2014,7,SIN,LAT,1,105,3,CNAx18347-B-1-B,84,108,4999
A14S02005,2014,7,SIN,LAT,1,106,3,CNAx18346-B-7-B,82,104,4733
A14S02005,2014,7,SIN,LAT,1,107,3,CNAx18348-B-3-B,81,110,4233
A14S02005,2014,7,SIN,LAT,1,108,3,CNAx18347-B-9-B,87,106,7804
A14S02005,2014,7,SIN,LAT,1,109,3,CNAx18347-B-6-B,88,99,5903
A14S02005,2014,7,SIN,LAT,1,110,3,CNAx18346-B-4-B,78,116,4860
A14S02005,2014,7,SIN,LAT,1,111,6,CNAx18355-B-3-B,85,112,4470
A14S02005,2014,7,SIN,LAT,1,112,6,CNAx18355-B-2-B,81,104,4756
A14S02005,2014,7,SIN,LAT,1,113,6,CNAx18353-B-8-B,78,102,4653
A14S02005,2014,7,SIN,LAT,1,114,6,CNAx18354-B-7-B,86,113,4283
A14S02005,2014,7,SIN,LAT,1,115,6,CNAx18356-B-2-B,79,106,3883
A14S02005,2014,7,SIN,LAT,1,116,6,CNAx18354-B-1-B,80,104,3570
A14S02005,2014,7,SIN,LAT,1,117,6,CNAx18354-B-2-B,82,93,5381
A14S02005,2014,7,SIN,LAT,1,118,6,CNAx18354-B-8-B,80,113,5157
A14S02005,2014,7,SIN,LAT,1,119,6,CNAx18355-B-5-B,80,115,5039
A14S02005,2014,7,SIN,LAT,1,120,6,CNAx18355-B-4-B,87,101,5029
A14S02005,2014,7,SIN,LAT,1,121,8,CNAx18359-B-11-B,84,97,4269
A14S02005,2014,7,SIN,LAT,1,122,8,CNAx18360-B-12-B,82,107,5561
A14S02005,2014,7,SIN,LAT,1,123,8,CNAx18358-B-10-B,71,109,5123
A14S02005,2014,7,SIN,LAT,1,124,8,CNAx18359-B-1-B,83,104,5480
A14S02005,2014,7,SIN,LAT,1,125,8,CNAx18359-B-8-B,81,105,5191
A14S02005,2014,7,SIN,LAT,1,126,8,CNAx18359-B-7-B,85,117,5031
A14S02005,2014,7,SIN,LAT,1,127,8,CNAx18359-B-4-B,82,108,4324
A14S02005,2014,7,SIN,LAT,1,128,8,CNAx18360-B-3-B,79,105,3899
A14S02005,2014,7,SIN,LAT,1,129,8,CNAx18360-B-2-B,78,109,3754
A14S02005,2014,7,SIN,LAT,1,130,8,CNAx18360-B-7-B,82,94,5244
A14S02005,2014,7,SIN,LAT,1,131,7,CNAx18357-B-1-B,83,108,4777
A14S02005,2014,7,SIN,LAT,1,132,7,CNAx18358-B-6-B,70,101,3390
A14S02005,2014,7,SIN,LAT,1,133,7,CNAx18357-B-8-B,77,101,2831
A14S02005,2014,7,SIN,LAT,1,134,7,CNAx18357-B-10-B,82,116,4860
A14S02005,2014,7,SIN,LAT,1,135,7,CNAx18356-B-3-B,82,111,4061
A14S02005,2014,7,SIN,LAT,1,136,7,CNAx18358-B-4-B,80,108,4361
A14S02005,2014,7,SIN,LAT,1,137,7,CNAx18357-B-6-B,82,108,4194
A14S02005,2014,7,SIN,LAT,1,138,7,CNAx18357-B-9-B,84,122,4600
A14S02005,2014,7,SIN,LAT,1,139,7,CNAx18358-B-5-B,73,106,3319
A14S02005,2014,7,SIN,LAT,1,140,7,CNAx18356-B-10-B,74,88,5066
A14S02005,2014,7,SIN,LAT,1,141,2,CNAx18345-B-4-B,84,99,5044
A14S02005,2014,7,SIN,LAT,1,142,2,CNAx18345-B-1-B,84,98,3544
A14S02005,2014,7,SIN,LAT,1,143,2,CNAx18345-B-6-B,82,108,4487
A14S02005,2014,7,SIN,LAT,1,144,2,CNAx18345-B-7-B,74,95,3333
A14S02005,2014,7,SIN,LAT,1,145,2,CNAx18343-B-7-B,82,90,3437
A14S02005,2014,7,SIN,LAT,1,146,2,CNAx18344-B-3-B,85,112,5543
A14S02005,2014,7,SIN,LAT,1,147,2,CNAx18344-B-6-B,79,101,5847
A14S02005,2014,7,SIN,LAT,1,148,2,CNAx18344-B-2-B,76,107,5444
A14S02005,2014,7,SIN,LAT,1,149,2,CNAx18343-B-13-B,75,101,3166
A14S02005,2014,7,SIN,LAT,1,150,2,CNAx18344-B-5-B,80,106,3781
A14S02005,2014,7,SIN,LAT,1,151,9,CNAx18361-B-6-B,83,105,4711
A14S02005,2014,7,SIN,LAT,1,152,9,CNAx18364-B-2-B,84,98,3934
A14S02005,2014,7,SIN,LAT,1,153,9,CNAx18362-B-12-B,89,100,3686
A14S02005,2014,7,SIN,LAT,1,154,9,CNAx18363-B-11-B,76,112,4457
A14S02005,2014,7,SIN,LAT,1,155,9,CNAx18362-B-3-B,89,103,4874
A14S02005,2014,7,SIN,LAT,1,156,9,CNAx18364-B-3-B,85,99,4171
A14S02005,2014,7,SIN,LAT,1,157,9,CNAx18362-B-6-B,89,87,4443
A14S02005,2014,7,SIN,LAT,1,158,9,CNAx18361-B-5-B,88,101,3700
A14S02005,2014,7,SIN,LAT,1,159,9,CNAx18362-B-2-B,91,98,5643
A14S02005,2014,7,SIN,LAT,1,160,9,CNAx18361-B-4-B,82,106,3649
A14S02005,2014,7,SIN,LAT,1,161,5,CNAx18353-B-1-B,77,105,3976
A14S02005,2014,7,SIN,LAT,1,162,5,CNAx18351-B-5-B,84,107,3944
A14S02005,2014,7,SIN,LAT,1,163,5,CNAx18352-B-8-B,78,113,3997
A14S02005,2014,7,SIN,LAT,1,164,5,CNAx18351-B-3-B,82,96,3889
A14S02005,2014,7,SIN,LAT,1,165,5,CNAx18352-B-7-B,78,122,3437
A14S02005,2014,7,SIN,LAT,1,166,5,CNAx18353-B-3-B,76,101,3851
A14S02005,2014,7,SIN,LAT,1,167,5,CNAx18350-B-6-B,78,91,4100
A14S02005,2014,7,SIN,LAT,1,168,5,CNAx18351-B-2-B,82,93,3281
A14S02005,2014,7,SIN,LAT,1,169,5,CNAx18351-B-6-B,82,90,3634
A14S02005,2014,7,SIN,LAT,1,170,5,CNAx18353-B-2-B,81,103,4489
A14S02005,2014,7,SIN,LAT,1,171,1,CNAx18341-B-2-B,79,105,4624
A14S02005,2014,7,SIN,LAT,1,172,1,CNAx18341-B-6-B,88,98,3444
A14S02005,2014,7,SIN,LAT,1,173,1,CNAx18342-B-6-B,88,119,4803
A14S02005,2014,7,SIN,LAT,1,174,1,CNAx18342-B-8-B,85,104,4186
A14S02005,2014,7,SIN,LAT,1,175,1,CNAx18341-B-7-B,86,111,4901
A14S02005,2014,7,SIN,LAT,1,176,1,CNAx18342-B-7-B,84,113,4364
A14S02005,2014,7,SIN,LAT,1,177,1,CNAx18342-B-1-B,90,119,5384
A14S02005,2014,7,SIN,LAT,1,178,1,CNAx18343-B-6-B,85,110,4299
A14S02005,2014,7,SIN,LAT,1,179,1,CNAx18343-B-2-B,79,114,4661
A14S02005,2014,7,SIN,LAT,1,180,1,CNAx18341-B-4-B,82,121,4327
A14S02005,2014,7,SIN,LAT,1,181,10,BRS_Primavera,74,115,1903
A14S02005,2014,7,SIN,LAT,1,182,10,Guarani,70,122,1769
A14S02005,2014,7,SIN,LAT,1,183,10,BRSMG_Curinga,83,98,3471
A14S02005,2014,7,SIN,LAT,1,184,10,CNAx18364-B-6-B,82,106,3574
A14S02005,2014,7,SIN,LAT,1,185,10,Carajas,77,112,3661
A14S02005,2014,7,SIN,LAT,1,186,10,CNAx18364-B-8-B,82,112,3951
A14S02005,2014,7,SIN,LAT,1,187,10,BRS_Sertaneja,80,113,4006
A14S02005,2014,7,SIN,LAT,1,188,10,CNAx18364-B-7-B,83,112,3507
A14S02005,2014,7,SIN,LAT,1,189,10,BRS_Esmeralda,82,98,3743
A14S02005,2014,7,SIN,LAT,1,190,10,BRS_Bonanca,81,81,3153
A14S02005,2014,7,SIN,LAT,1,191,4,CNAx18350-B-2-B,76,89,4409
A14S02005,2014,7,SIN,LAT,1,192,4,CNAx18348-B-7-B,79,100,2853
A14S02005,2014,7,SIN,LAT,1,193,4,CNAx18349-B-6-B,79,97,2836
A14S02005,2014,7,SIN,LAT,1,194,4,CNAx18348-B-6-B,79,101,3941
A14S02005,2014,7,SIN,LAT,1,195,4,CNAx18349-B-4-B,73,109,3073
A14S02005,2014,7,SIN,LAT,1,196,4,CNAx18349-B-7-B,75,102,2897
A14S02005,2014,7,SIN,LAT,1,197,4,CNAx18348-B-10-B,80,106,3439
A14S02005,2014,7,SIN,LAT,1,198,4,CNAx18350-B-4-B,79,92,3919
A14S02005,2014,7,SIN,LAT,1,199,4,CNAx18350-B-5-B,79,104,1929
A14S02005,2014,7,SIN,LAT,1,200,4,CNAx18349-B-3-B,78,96,1703
A14S02005,2014,7,SIN,LAT,2,201,8,CNAx18363-B-11-B,78,94,2186
A14S02005,2014,7,SIN,LAT,2,202,8,CNAx18358-B-4-B,76,106,3459
A14S02005,2014,7,SIN,LAT,2,203,8,CNAx18350-B-2-B,76,92,4030
A14S02005,2014,7,SIN,LAT,2,204,8,CNAx18345-B-4-B,85,106,4429
A14S02005,2014,7,SIN,LAT,2,205,8,CNAx18355-B-4-B,88,104,4400
A14S02005,2014,7,SIN,LAT,2,206,8,BRSMG_Curinga,85,84,4100
A14S02005,2014,7,SIN,LAT,2,207,8,CNAx18353-B-1-B,78,112,4059
A14S02005,2014,7,SIN,LAT,2,208,8,CNAx18347-B-9-B,89,97,4643
A14S02005,2014,7,SIN,LAT,2,209,8,CNAx18342-B-8-B,85,114,2960
A14S02005,2014,7,SIN,LAT,2,210,8,CNAx18360-B-3-B,81,105,3454
A14S02005,2014,7,SIN,LAT,2,211,6,CNAx18349-B-6-B,79,106,3679
A14S02005,2014,7,SIN,LAT,2,212,6,BRS_Primavera,75,119,1381
A14S02005,2014,7,SIN,LAT,2,213,6,CNAx18359-B-11-B,82,99,4123
A14S02005,2014,7,SIN,LAT,2,214,6,CNAx18344-B-6-B,82,108,5446
A14S02005,2014,7,SIN,LAT,2,215,6,CNAx18357-B-9-B,84,119,4886
A14S02005,2014,7,SIN,LAT,2,216,6,CNAx18347-B-3-B,89,92,3997
A14S02005,2014,7,SIN,LAT,2,217,6,CNAx18362-B-6-B,88,90,3854
A14S02005,2014,7,SIN,LAT,2,218,6,CNAx18342-B-6-B,89,106,4449
A14S02005,2014,7,SIN,LAT,2,219,6,CNAx18355-B-2-B,82,116,5499
A14S02005,2014,7,SIN,LAT,2,220,6,CNAx18352-B-7-B,83,126,4163
A14S02005,2014,7,SIN,LAT,2,221,2,CNAx18348-B-7-B,80,105,3363
A14S02005,2014,7,SIN,LAT,2,222,2,CNAx18361-B-5-B,86,100,3736
A14S02005,2014,7,SIN,LAT,2,223,2,CNAx18356-B-10-B,74,93,4587
A14S02005,2014,7,SIN,LAT,2,224,2,CNAx18359-B-1-B,83,101,4463
A14S02005,2014,7,SIN,LAT,2,225,2,CNAx18343-B-13-B,78,104,3973
A14S02005,2014,7,SIN,LAT,2,226,2,CNAx18364-B-7-B,84,123,3947
A14S02005,2014,7,SIN,LAT,2,227,2,CNAx18341-B-4-B,83,114,4913
A14S02005,2014,7,SIN,LAT,2,228,2,CNAx18351-B-2-B,83,112,3280
A14S02005,2014,7,SIN,LAT,2,229,2,CNAx18354-B-1-B,81,109,4291
A14S02005,2014,7,SIN,LAT,2,230,2,CNAx18346-B-4-B,75,116,3689
A14S02005,2014,7,SIN,LAT,2,231,9,Carajas,79,105,3264
A14S02005,2014,7,SIN,LAT,2,232,9,CNAx18355-B-5-B,80,100,4324
A14S02005,2014,7,SIN,LAT,2,233,9,CNAx18350-B-4-B,83,95,3294
A14S02005,2014,7,SIN,LAT,2,234,9,CNAx18343-B-2-B,79,99,4019
A14S02005,2014,7,SIN,LAT,2,235,9,CNAx18360-B-7-B,82,86,4706
A14S02005,2014,7,SIN,LAT,2,236,9,CNAx18347-B-10-B,89,90,2789
A14S02005,2014,7,SIN,LAT,2,237,9,CNAx18345-B-6-B,82,106,4684
A14S02005,2014,7,SIN,LAT,2,238,9,CNAx18364-B-2-B,85,111,4510
A14S02005,2014,7,SIN,LAT,2,239,9,CNAx18353-B-2-B,82,110,4104
A14S02005,2014,7,SIN,LAT,2,240,9,CNAx18358-B-5-B,78,108,2484
A14S02005,2014,7,SIN,LAT,2,241,3,CNAx18344-B-2-B,84,113,4667
A14S02005,2014,7,SIN,LAT,2,242,3,CNAx18348-B-10-B,83,107,4063
A14S02005,2014,7,SIN,LAT,2,243,3,CNAx18346-B-6-B,79,106,4263
A14S02005,2014,7,SIN,LAT,2,244,3,CNAx18354-B-2-B,83,97,3906
A14S02005,2014,7,SIN,LAT,2,245,3,CNAx18357-B-1-B,82,114,3911
A14S02005,2014,7,SIN,LAT,2,246,3,CNAx18341-B-6-B,88,122,3784
A14S02005,2014,7,SIN,LAT,2,247,3,CNAx18359-B-4-B,82,103,4603
A14S02005,2014,7,SIN,LAT,2,248,3,CNAx18351-B-3-B,84,109,3893
A14S02005,2014,7,SIN,LAT,2,249,3,CNAx18364-B-8-B,82,120,4291
A14S02005,2014,7,SIN,LAT,2,250,3,CNAx18361-B-6-B,83,116,4754
A14S02005,2014,7,SIN,LAT,2,251,4,CNAx18357-B-6-B,84,116,4934
A14S02005,2014,7,SIN,LAT,2,252,4,CNAx18362-B-2-B,91,98,4521
A14S02005,2014,7,SIN,LAT,2,253,4,CNAx18341-B-7-B,85,117,4230
A14S02005,2014,7,SIN,LAT,2,254,4,CNAx18351-B-5-B,86,99,5461
A14S02005,2014,7,SIN,LAT,2,255,4,CNAx18344-B-3-B,86,104,5507
A14S02005,2014,7,SIN,LAT,2,256,4,CNAx18349-B-3-B,79,105,3517
A14S02005,2014,7,SIN,LAT,2,257,4,CNAx18346-B-7-B,82,106,4487
A14S02005,2014,7,SIN,LAT,2,258,4,CNAx18354-B-7-B,86,109,4503
A14S02005,2014,7,SIN,LAT,2,259,4,BRS_Bonanca,79,91,3416
A14S02005,2014,7,SIN,LAT,2,260,4,CNAx18359-B-7-B,85,114,4483
A14S02005,2014,7,SIN,LAT,2,261,5,BRS_Esmeralda,81,98,3109
A14S02005,2014,7,SIN,LAT,2,262,5,CNAx18362-B-3-B,89,100,4680
A14S02005,2014,7,SIN,LAT,2,263,5,CNAx18357-B-8-B,82,103,3461
A14S02005,2014,7,SIN,LAT,2,264,5,CNAx18351-B-6-B,84,101,3836
A14S02005,2014,7,SIN,LAT,2,265,5,CNAx18349-B-4-B,74,100,3819
A14S02005,2014,7,SIN,LAT,2,266,5,CNAx18347-B-1-B,86,102,5124
A14S02005,2014,7,SIN,LAT,2,267,5,CNAx18354-B-8-B,81,104,4606
A14S02005,2014,7,SIN,LAT,2,268,5,CNAx18342-B-1-B,92,111,5561
A14S02005,2014,7,SIN,LAT,2,269,5,CNAx18359-B-8-B,83,114,4929
A14S02005,2014,7,SIN,LAT,2,270,5,CNAx18344-B-5-B,83,112,4839
A14S02005,2014,7,SIN,LAT,2,271,1,CNAx18345-B-8-B,83,106,4100
A14S02005,2014,7,SIN,LAT,2,272,1,CNAx18361-B-4-B,82,101,3663
A14S02005,2014,7,SIN,LAT,2,273,1,CNAx18353-B-8-B,78,97,4066
A14S02005,2014,7,SIN,LAT,2,274,1,CNAx18350-B-6-B,79,102,4610
A14S02005,2014,7,SIN,LAT,2,275,1,CNAx18343-B-7-B,79,102,4557
A14S02005,2014,7,SIN,LAT,2,276,1,CNAx18356-B-3-B,82,109,2904
A14S02005,2014,7,SIN,LAT,2,277,1,CNAx18358-B-10-B,70,120,3346
A14S02005,2014,7,SIN,LAT,2,278,1,CNAx18364-B-6-B,83,120,4376
A14S02005,2014,7,SIN,LAT,2,279,1,CNAx18348-B-6-B,82,110,4317
A14S02005,2014,7,SIN,LAT,2,280,1,CNAx18341-B-2-B,81,103,4944
A14S02005,2014,7,SIN,LAT,2,281,7,CNAx18360-B-2-B,82,113,4841
A14S02005,2014,7,SIN,LAT,2,282,7,CNAx18342-B-7-B,85,109,5569
A14S02005,2014,7,SIN,LAT,2,283,7,CNAx18352-B-8-B,84,125,3490
A14S02005,2014,7,SIN,LAT,2,284,7,CNAx18347-B-6-B,91,99,5743
A14S02005,2014,7,SIN,LAT,2,285,7,CNAx18362-B-12-B,90,108,4699
A14S02005,2014,7,SIN,LAT,2,286,7,CNAx18349-B-7-B,79,98,4253
A14S02005,2014,7,SIN,LAT,2,287,7,BRS_Sertaneja,82,120,2529
A14S02005,2014,7,SIN,LAT,2,288,7,CNAx18345-B-1-B,84,99,4591
A14S02005,2014,7,SIN,LAT,2,289,7,CNAx18357-B-10-B,83,108,4076
A14S02005,2014,7,SIN,LAT,2,290,7,CNAx18355-B-3-B,83,110,3789
A14S02005,2014,7,SIN,LAT,2,291,10,CNAx18345-B-7-B,80,109,3267
A14S02005,2014,7,SIN,LAT,2,292,10,CNAx18356-B-2-B,81,106,3467
A14S02005,2014,7,SIN,LAT,2,293,10,CNAx18350-B-5-B,80,107,3296
A14S02005,2014,7,SIN,LAT,2,294,10,Guarani,73,100,3701
A14S02005,2014,7,SIN,LAT,2,295,10,CNAx18358-B-6-B,74,99,3221
A14S02005,2014,7,SIN,LAT,2,296,10,CNAx18348-B-3-B,80,97,3314
A14S02005,2014,7,SIN,LAT,2,297,10,CNAx18353-B-3-B,78,94,2853
A14S02005,2014,7,SIN,LAT,2,298,10,CNAx18364-B-3-B,82,94,4334
A14S02005,2014,7,SIN,LAT,2,299,10,CNAx18360-B-12-B,82,104,4484
A14S02005,2014,7,SIN,LAT,2,300,10,CNAx18343-B-6-B,85,102,3596
A14S02001,2014,7,POR,LAT,1,101,6,CNAx18356-B-2-B,77,79,1441
A14S02001,2014,7,POR,LAT,1,102,6,CNAx18355-B-5-B,78,84.2,2320
A14S02001,2014,7,POR,LAT,1,103,6,CNAx18354-B-1-B,88,77.7,1978
A14S02001,2014,7,POR,LAT,1,104,6,CNAx18355-B-4-B,85,75.8,2401
A14S02001,2014,7,POR,LAT,1,105,6,CNAx18353-B-8-B,74,85.7,2072
A14S02001,2014,7,POR,LAT,1,106,6,CNAx18354-B-2-B,91,68.8,2143
A14S02001,2014,7,POR,LAT,1,107,6,CNAx18354-B-7-B,93,72.7,1239
A14S02001,2014,7,POR,LAT,1,108,6,CNAx18355-B-2-B,76,85.7,2639
A14S02001,2014,7,POR,LAT,1,109,6,CNAx18354-B-8-B,93,88.8,2920
A14S02001,2014,7,POR,LAT,1,110,6,CNAx18355-B-3-B,83,75.8,1545
A14S02001,2014,7,POR,LAT,1,111,2,CNAx18345-B-1-B,92,75.3,2363
A14S02001,2014,7,POR,LAT,1,112,2,CNAx18344-B-6-B,68,77.2,2822
A14S02001,2014,7,POR,LAT,1,113,2,CNAx18344-B-3-B,85,79.2,2526
A14S02001,2014,7,POR,LAT,1,114,2,CNAx18345-B-4-B,93,82,2830
A14S02001,2014,7,POR,LAT,1,115,2,CNAx18343-B-7-B,71,66.2,1110
A14S02001,2014,7,POR,LAT,1,116,2,CNAx18345-B-6-B,69,76,2514
A14S02001,2014,7,POR,LAT,1,117,2,CNAx18344-B-5-B,72,78.2,2685
A14S02001,2014,7,POR,LAT,1,118,2,CNAx18345-B-7-B,66,75.8,1451
A14S02001,2014,7,POR,LAT,1,119,2,CNAx18344-B-2-B,68,83,4022
A14S02001,2014,7,POR,LAT,1,120,2,CNAx18343-B-13-B,68,89.3,2709
A14S02001,2014,7,POR,LAT,1,121,10,BRS_Primavera,87,95.2,1941
A14S02001,2014,7,POR,LAT,1,122,10,BRS_Esmeralda,91,87,2024
A14S02001,2014,7,POR,LAT,1,123,10,CNAx18364-B-6-B,89,84.2,2181
A14S02001,2014,7,POR,LAT,1,124,10,CNAx18364-B-8-B,87,85,1780
A14S02001,2014,7,POR,LAT,1,125,10,BRSMG_Curinga,97,79,2231
A14S02001,2014,7,POR,LAT,1,126,10,CNAx18364-B-7-B,91,78.2,785
A14S02001,2014,7,POR,LAT,1,127,10,BRS_Bonanca,91,77.2,1073
A14S02001,2014,7,POR,LAT,1,128,10,BRS_Sertaneja,85,91,2276
A14S02001,2014,7,POR,LAT,1,129,10,Carajas,69,74.7,3008
A14S02001,2014,7,POR,LAT,1,130,10,Guarani,67,90.5,2359
A14S02001,2014,7,POR,LAT,1,131,5,CNAx18350-B-6-B,83,69.3,1262
A14S02001,2014,7,POR,LAT,1,132,5,CNAx18351-B-2-B,88,75.8,1318
A14S02001,2014,7,POR,LAT,1,133,5,CNAx18353-B-3-B,72,78.5,1729
A14S02001,2014,7,POR,LAT,1,134,5,CNAx18353-B-2-B,87,79.3,1240
A14S02001,2014,7,POR,LAT,1,135,5,CNAx18352-B-7-B,79,97.2,1205
A14S02001,2014,7,POR,LAT,1,136,5,CNAx18351-B-3-B,93,82.5,903
A14S02001,2014,7,POR,LAT,1,137,5,CNAx18353-B-1-B,74,94.3,1496
A14S02001,2014,7,POR,LAT,1,138,5,CNAx18351-B-5-B,94,81.5,2854
A14S02001,2014,7,POR,LAT,1,139,5,CNAx18352-B-8-B,74,75.8,652
A14S02001,2014,7,POR,LAT,1,140,5,CNAx18351-B-6-B,91,77.2,1553
A14S02001,2014,7,POR,LAT,1,141,8,CNAx18359-B-8-B,73,80.7,2039
A14S02001,2014,7,POR,LAT,1,142,8,CNAx18359-B-7-B,90,93,2510
A14S02001,2014,7,POR,LAT,1,143,8,CNAx18359-B-4-B,73,82.8,1919
A14S02001,2014,7,POR,LAT,1,144,8,CNAx18360-B-12-B,79,82.8,2210
A14S02001,2014,7,POR,LAT,1,145,8,CNAx18360-B-2-B,77,87.8,2231
A14S02001,2014,7,POR,LAT,1,146,8,CNAx18359-B-11-B,89,86,1199
A14S02001,2014,7,POR,LAT,1,147,8,CNAx18360-B-7-B,85,66.5,1392
A14S02001,2014,7,POR,LAT,1,148,8,CNAx18360-B-3-B,77,80.5,1699
A14S02001,2014,7,POR,LAT,1,149,8,CNAx18359-B-1-B,92,91,2187
A14S02001,2014,7,POR,LAT,1,150,8,CNAx18358-B-10-B,65,83.2,1100
A14S02001,2014,7,POR,LAT,1,151,7,CNAx18356-B-10-B,66,76,2045
A14S02001,2014,7,POR,LAT,1,152,7,CNAx18357-B-6-B,75,78,769
A14S02001,2014,7,POR,LAT,1,153,7,CNAx18358-B-4-B,73,84,1969
A14S02001,2014,7,POR,LAT,1,154,7,CNAx18357-B-8-B,73,78.7,2090
A14S02001,2014,7,POR,LAT,1,155,7,CNAx18358-B-5-B,67,85,1982
A14S02001,2014,7,POR,LAT,1,156,7,CNAx18357-B-10-B,85,87.8,1238
A14S02001,2014,7,POR,LAT,1,157,7,CNAx18357-B-1-B,86,77.5,939
A14S02001,2014,7,POR,LAT,1,158,7,CNAx18358-B-6-B,72,79.7,1138
A14S02001,2014,7,POR,LAT,1,159,7,CNAx18357-B-9-B,79,80.7,1681
A14S02001,2014,7,POR,LAT,1,160,7,CNAx18356-B-3-B,75,94.2,2651
A14S02001,2014,7,POR,LAT,1,161,3,CNAx18347-B-9-B,95,80.3,2243
A14S02001,2014,7,POR,LAT,1,162,3,CNAx18347-B-10-B,88,78.8,2019
A14S02001,2014,7,POR,LAT,1,163,3,CNAx18347-B-6-B,88,76.3,2355
A14S02001,2014,7,POR,LAT,1,164,3,CNAx18346-B-4-B,73,79,1922
A14S02001,2014,7,POR,LAT,1,165,3,CNAx18346-B-6-B,74,78.5,1609
A14S02001,2014,7,POR,LAT,1,166,3,CNAx18347-B-3-B,83,77.5,2262
A14S02001,2014,7,POR,LAT,1,167,3,CNAx18347-B-1-B,85,85.8,1817
A14S02001,2014,7,POR,LAT,1,168,3,CNAx18348-B-3-B,85,80,1377
A14S02001,2014,7,POR,LAT,1,169,3,CNAx18346-B-7-B,83,79,2677
A14S02001,2014,7,POR,LAT,1,170,3,CNAx18345-B-8-B,95,82.3,1143
A14S02001,2014,7,POR,LAT,1,171,4,CNAx18348-B-7-B,79,82.3,2700
A14S02001,2014,7,POR,LAT,1,172,4,CNAx18350-B-4-B,77,84,1841
A14S02001,2014,7,POR,LAT,1,173,4,CNAx18349-B-3-B,87,77.8,285
A14S02001,2014,7,POR,LAT,1,174,4,CNAx18349-B-7-B,85,75.3,788
A14S02001,2014,7,POR,LAT,1,175,4,CNAx18349-B-6-B,97,70.7,746
A14S02001,2014,7,POR,LAT,1,176,4,CNAx18348-B-6-B,79,77.5,1101
A14S02001,2014,7,POR,LAT,1,177,4,CNAx18349-B-4-B,68,80.7,1333
A14S02001,2014,7,POR,LAT,1,178,4,CNAx18348-B-10-B,83,71.5,2974
A14S02001,2014,7,POR,LAT,1,179,4,CNAx18350-B-5-B,78,89.3,1816
A14S02001,2014,7,POR,LAT,1,180,4,CNAx18350-B-2-B,66,71.7,1480
A14S02001,2014,7,POR,LAT,1,181,9,CNAx18361-B-4-B,79,91.7,2334
A14S02001,2014,7,POR,LAT,1,182,9,CNAx18363-B-11-B,69,86.7,1966
A14S02001,2014,7,POR,LAT,1,183,9,CNAx18361-B-6-B,73,90.3,1726
A14S02001,2014,7,POR,LAT,1,184,9,CNAx18362-B-3-B,88,88.2,2492
A14S02001,2014,7,POR,LAT,1,185,9,CNAx18364-B-3-B,87,78.5,2116
A14S02001,2014,7,POR,LAT,1,186,9,CNAx18361-B-5-B,88,88,1548
A14S02001,2014,7,POR,LAT,1,187,9,CNAx18362-B-6-B,86,73.3,981
A14S02001,2014,7,POR,LAT,1,188,9,CNAx18362-B-2-B,86,73.2,1491
A14S02001,2014,7,POR,LAT,1,189,9,CNAx18362-B-12-B,98,84.7,1398
A14S02001,2014,7,POR,LAT,1,190,9,CNAx18364-B-2-B,87,93.7,2150
A14S02001,2014,7,POR,LAT,1,191,1,CNAx18342-B-1-B,97,91.8,2765
A14S02001,2014,7,POR,LAT,1,192,1,CNAx18342-B-7-B,97,86.5,2753
A14S02001,2014,7,POR,LAT,1,193,1,CNAx18341-B-6-B,79,91.2,2214
A14S02001,2014,7,POR,LAT,1,194,1,CNAx18341-B-2-B,77,85.3,2238
A14S02001,2014,7,POR,LAT,1,195,1,CNAx18342-B-8-B,95,75.7,679
A14S02001,2014,7,POR,LAT,1,196,1,CNAx18342-B-6-B,97,81.5,1462
A14S02001,2014,7,POR,LAT,1,197,1,CNAx18343-B-2-B,77,81.5,2016
A14S02001,2014,7,POR,LAT,1,198,1,CNAx18343-B-6-B,78,84.7,1640
A14S02001,2014,7,POR,LAT,1,199,1,CNAx18341-B-4-B,87,80.7,859
A14S02001,2014,7,POR,LAT,1,200,1,CNAx18341-B-7-B,85,95.8,1368
A14S02001,2014,7,POR,LAT,2,201,2,CNAx18361-B-5-B,87,85.5,1704
A14S02001,2014,7,POR,LAT,2,202,2,CNAx18359-B-1-B,91,89.7,2563
A14S02001,2014,7,POR,LAT,2,203,2,CNAx18341-B-4-B,79,84.2,922
A14S02001,2014,7,POR,LAT,2,204,2,CNAx18356-B-10-B,65,77.5,1923
A14S02001,2014,7,POR,LAT,2,205,2,CNAx18364-B-7-B,87,79.2,1508
A14S02001,2014,7,POR,LAT,2,206,2,CNAx18354-B-1-B,88,80.5,2579
A14S02001,2014,7,POR,LAT,2,207,2,CNAx18348-B-7-B,79,81.3,606
A14S02001,2014,7,POR,LAT,2,208,2,CNAx18343-B-13-B,75,82,1238
A14S02001,2014,7,POR,LAT,2,209,2,CNAx18351-B-2-B,92,75.3,291
A14S02001,2014,7,POR,LAT,2,210,2,CNAx18346-B-4-B,74,85,1268
A14S02001,2014,7,POR,LAT,2,211,5,CNAx18344-B-5-B,73,81.2,1526
A14S02001,2014,7,POR,LAT,2,212,5,BRS_Esmeralda,89,83.3,2820
A14S02001,2014,7,POR,LAT,2,213,5,CNAx18354-B-8-B,91,89.2,2318
A14S02001,2014,7,POR,LAT,2,214,5,CNAx18342-B-1-B,96,89.8,1759
A14S02001,2014,7,POR,LAT,2,215,5,CNAx18357-B-8-B,72,86.7,1640
A14S02001,2014,7,POR,LAT,2,216,5,CNAx18351-B-6-B,92,77.7,1758
A14S02001,2014,7,POR,LAT,2,217,5,CNAx18362-B-3-B,92,81.2,2293
A14S02001,2014,7,POR,LAT,2,218,5,CNAx18359-B-8-B,76,79.5,1446
A14S02001,2014,7,POR,LAT,2,219,5,CNAx18349-B-4-B,68,80,2251
A14S02001,2014,7,POR,LAT,2,220,5,CNAx18347-B-1-B,85,79.8,2425
A14S02001,2014,7,POR,LAT,2,221,8,CNAx18358-B-4-B,73,81.7,1046
A14S02001,2014,7,POR,LAT,2,222,8,CNAx18363-B-11-B,73,81.7,1557
A14S02001,2014,7,POR,LAT,2,223,8,CNAx18355-B-4-B,83,76.7,2078
A14S02001,2014,7,POR,LAT,2,224,8,CNAx18342-B-8-B,95,80.5,1555
A14S02001,2014,7,POR,LAT,2,225,8,CNAx18347-B-9-B,95,83.2,2452
A14S02001,2014,7,POR,LAT,2,226,8,CNAx18345-B-4-B,92,78.8,3436
A14S02001,2014,7,POR,LAT,2,227,8,CNAx18353-B-1-B,68,90.5,2758
A14S02001,2014,7,POR,LAT,2,228,8,CNAx18350-B-2-B,66,77.2,2991
A14S02001,2014,7,POR,LAT,2,229,8,CNAx18360-B-3-B,73,85.7,1861
A14S02001,2014,7,POR,LAT,2,230,8,BRSMG_Curinga,97,93.2,2454
A14S02001,2014,7,POR,LAT,2,231,9,CNAx18360-B-7-B,85,71.3,1952
A14S02001,2014,7,POR,LAT,2,232,9,CNAx18358-B-5-B,65,97.5,2104
A14S02001,2014,7,POR,LAT,2,233,9,CNAx18355-B-5-B,73,83.7,3263
A14S02001,2014,7,POR,LAT,2,234,9,CNAx18345-B-6-B,71,78,1866
A14S02001,2014,7,POR,LAT,2,235,9,CNAx18364-B-2-B,88,82.8,1760
A14S02001,2014,7,POR,LAT,2,236,9,CNAx18347-B-10-B,92,84,2897
A14S02001,2014,7,POR,LAT,2,237,9,CNAx18350-B-4-B,74,79.5,2736
A14S02001,2014,7,POR,LAT,2,238,9,CNAx18343-B-2-B,77,88,2801
A14S02001,2014,7,POR,LAT,2,239,9,CNAx18353-B-2-B,79,82.5,1769
A14S02001,2014,7,POR,LAT,2,240,9,Carajas,73,77.8,1853
A14S02001,2014,7,POR,LAT,2,241,7,CNAx18360-B-2-B,73,80.8,2085
A14S02001,2014,7,POR,LAT,2,242,7,CNAx18347-B-6-B,94,81.8,2088
A14S02001,2014,7,POR,LAT,2,243,7,CNAx18357-B-10-B,74,81.2,515
A14S02001,2014,7,POR,LAT,2,244,7,CNAx18352-B-8-B,72,83.8,905
A14S02001,2014,7,POR,LAT,2,245,7,CNAx18345-B-1-B,94,71.3,1441
A14S02001,2014,7,POR,LAT,2,246,7,CNAx18355-B-3-B,85,86.8,1451
A14S02001,2014,7,POR,LAT,2,247,7,CNAx18342-B-7-B,87,79.3,1871
A14S02001,2014,7,POR,LAT,2,248,7,BRS_Sertaneja,78,89,1865
A14S02001,2014,7,POR,LAT,2,249,7,CNAx18362-B-12-B,98,79.3,1923
A14S02001,2014,7,POR,LAT,2,250,7,CNAx18349-B-7-B,89,67.2,646
A14S02001,2014,7,POR,LAT,2,251,1,CNAx18345-B-8-B,93,80.3,2081
A14S02001,2014,7,POR,LAT,2,252,1,CNAx18348-B-6-B,79,72.2,1084
A14S02001,2014,7,POR,LAT,2,253,1,CNAx18364-B-6-B,91,82,1641
A14S02001,2014,7,POR,LAT,2,254,1,CNAx18356-B-3-B,77,83.3,1592
A14S02001,2014,7,POR,LAT,2,255,1,CNAx18343-B-7-B,68,67.7,805
A14S02001,2014,7,POR,LAT,2,256,1,CNAx18358-B-10-B,68,73.5,1674
A14S02001,2014,7,POR,LAT,2,257,1,CNAx18353-B-8-B,69,90.2,1907
A14S02001,2014,7,POR,LAT,2,258,1,CNAx18350-B-6-B,85,73.8,1649
A14S02001,2014,7,POR,LAT,2,259,1,CNAx18341-B-2-B,76,84,2469
A14S02001,2014,7,POR,LAT,2,260,1,CNAx18361-B-4-B,79,91.5,2919
A14S02001,2014,7,POR,LAT,2,261,10,CNAx18350-B-5-B,77,85.7,1830
A14S02001,2014,7,POR,LAT,2,262,10,CNAx18358-B-6-B,67,82.2,2814
A14S02001,2014,7,POR,LAT,2,263,10,CNAx18360-B-12-B,79,90.5,2328
A14S02001,2014,7,POR,LAT,2,264,10,Guarani,65,94.2,3722
A14S02001,2014,7,POR,LAT,2,265,10,CNAx18348-B-3-B,78,70.5,1590
A14S02001,2014,7,POR,LAT,2,266,10,CNAx18353-B-3-B,75,80.3,1858
A14S02001,2014,7,POR,LAT,2,267,10,CNAx18356-B-2-B,78,75,2349
A14S02001,2014,7,POR,LAT,2,268,10,CNAx18343-B-6-B,79,85.5,1129
A14S02001,2014,7,POR,LAT,2,269,10,CNAx18345-B-7-B,65,72.5,1241
A14S02001,2014,7,POR,LAT,2,270,10,CNAx18364-B-3-B,88,66.8,740
A14S02001,2014,7,POR,LAT,2,271,6,CNAx18344-B-6-B,73,75.2,NA
A14S02001,2014,7,POR,LAT,2,272,6,CNAx18352-B-7-B,87,92.5,910
A14S02001,2014,7,POR,LAT,2,273,6,CNAx18357-B-9-B,77,83.5,1932
A14S02001,2014,7,POR,LAT,2,274,6,BRS_Primavera,77,94.5,2435
A14S02001,2014,7,POR,LAT,2,275,6,CNAx18355-B-2-B,77,93.7,2840
A14S02001,2014,7,POR,LAT,2,276,6,CNAx18359-B-11-B,69,84.8,2197
A14S02001,2014,7,POR,LAT,2,277,6,CNAx18342-B-6-B,99,79.5,1517
A14S02001,2014,7,POR,LAT,2,278,6,CNAx18347-B-3-B,85,66.7,1580
A14S02001,2014,7,POR,LAT,2,279,6,CNAx18362-B-6-B,93,74,1192
A14S02001,2014,7,POR,LAT,2,280,6,CNAx18349-B-6-B,95,70.7,250
A14S02001,2014,7,POR,LAT,2,281,3,CNAx18357-B-1-B,88,75.8,320
A14S02001,2014,7,POR,LAT,2,282,3,CNAx18361-B-6-B,75,87.7,1602
A14S02001,2014,7,POR,LAT,2,283,3,CNAx18359-B-4-B,78,87,2138
A14S02001,2014,7,POR,LAT,2,284,3,CNAx18341-B-6-B,78,88.7,1869
A14S02001,2014,7,POR,LAT,2,285,3,CNAx18351-B-3-B,92,81.5,2050
A14S02001,2014,7,POR,LAT,2,286,3,CNAx18354-B-2-B,87,80.5,3319
A14S02001,2014,7,POR,LAT,2,287,3,CNAx18346-B-6-B,73,76.3,1484
A14S02001,2014,7,POR,LAT,2,288,3,CNAx18364-B-8-B,87,71.8,959
A14S02001,2014,7,POR,LAT,2,289,3,CNAx18344-B-2-B,73,76,849
A14S02001,2014,7,POR,LAT,2,290,3,CNAx18348-B-10-B,85,75.2,1730
A14S02001,2014,7,POR,LAT,2,291,4,CNAx18362-B-2-B,87,79.7,1022
A14S02001,2014,7,POR,LAT,2,292,4,CNAx18344-B-3-B,85,72.2,2906
A14S02001,2014,7,POR,LAT,2,293,4,BRS_Bonanca,83,76.7,2707
A14S02001,2014,7,POR,LAT,2,294,4,CNAx18359-B-7-B,89,91,2487
A14S02001,2014,7,POR,LAT,2,295,4,CNAx18346-B-7-B,77,89.2,3795
A14S02001,2014,7,POR,LAT,2,296,4,CNAx18341-B-7-B,83,96.8,1953
A14S02001,2014,7,POR,LAT,2,297,4,CNAx18357-B-6-B,72,91.3,1250
A14S02001,2014,7,POR,LAT,2,298,4,CNAx18349-B-3-B,78,91.7,2131
A14S02001,2014,7,POR,LAT,2,299,4,CNAx18351-B-5-B,90,86,3241
A14S02001,2014,7,POR,LAT,2,300,4,CNAx18354-B-7-B,90,81.7,1808
